"PlayerName","PlayerPosition","Team","eMIN","eFG","eFT","eThrPM","eREB","eAST","eSTL","eBLK","eTO","ePTS","FGA2014","FTA2014"
"Anthony Davis","PF,C","NOR",35.9,0.53,0.807,0.4,10.4,2.8,1.5,3,1.5,26,17.6323529411765,6.77941176470588
"Stephen Curry","PG,SG","GS",33.5,0.49,0.904,3.8,4.1,7.6,2.1,0.2,3.2,23.8,16.7625,4.2125
"James Harden","SG,SF","HOU",37.1,0.459,0.871,2.7,5.3,5.9,2,0.6,3.5,27.2,18.1481481481481,10.1728395061728
"Kevin Durant","SF,PF","OKC",37.7,0.512,0.878,2.2,6.9,4.7,1.2,0.8,3.3,28.1,17.2962962962963,6.33333333333333
"LeBron James","SF,PF","CLE",36.5,0.502,0.726,1.9,6.2,7.3,1.6,0.6,3.8,24.8,18.536231884058,7.65217391304348
"Chris Paul","PG","LAC",34.8,0.489,0.887,1.8,4.2,10.9,2.1,0.2,2.3,18.8,14.2682926829268,3.91463414634146
"Russell Westbrook","PG","OKC",33.8,0.437,0.828,1.3,6.6,8,2,0.2,4.1,24.4,21.955223880597,9.76119402985075
"DeMarcus Cousins","PF,C","SAC",34,0.474,0.762,0,12.7,4,1.7,1.7,4,24.4,18.0677966101695,9.16949152542373
"Kawhi Leonard","SG,SF","SA",32.8,0.491,0.813,1.3,7.5,2.7,2.3,0.8,1.7,19,12.84375,3.9375
"Carmelo Anthony","SF,PF","NY",37.3,0.448,0.825,1.8,6.9,3,1.1,0.5,2.4,26.1,20.15,5.925
"Klay Thompson","SG,SF","GS",32.3,0.467,0.889,3.2,3.1,3,1.2,0.6,2,22.7,16.8701298701299,3.32467532467532
"Jimmy Butler","SG,SF","CHI",37.8,0.468,0.839,1.4,5.9,3.6,1.8,0.5,1.5,21,14.0307692307692,7.12307692307692
"Damian Lillard","PG","POR",37.5,0.42,0.866,2.8,4.8,6.5,1.1,0.3,3,25.5,16.5853658536585,4.85365853658537
"John Wall","PG","WSH",35.8,0.45,0.799,0.8,4.4,9.9,1.8,0.6,3.7,17.4,14.7594936708861,4.58227848101266
"Rudy Gobert","C","UTA",35.5,0.574,0.633,0,12.7,1.9,1,2.8,1.9,13.5,5.20731707317073,3.32926829268293
"LaMarcus Aldridge","PF,C","SA",31.9,0.501,0.837,0.1,9.8,1.9,0.7,1.1,1.5,19.6,19.9295774647887,5.09859154929577
"Serge Ibaka","PF,C","OKC",32.8,0.527,0.804,1.3,8,0.9,0.5,2.6,1.5,15.4,12.28125,1.71875
"Al Horford","PF,C","ATL",30.9,0.544,0.746,0.1,7,3.3,0.9,1.3,1.5,15.7,12.6973684210526,1.85526315789474
"Blake Griffin","PF,C","LAC",35.9,0.514,0.735,0.1,8.3,5.1,0.9,0.6,2.5,24.1,17.0746268656716,6.37313432835821
"Paul George","SG,SF,PF","IND",36.6,0.433,0.842,2.2,7.4,3.7,1.8,0.6,2.9,22.5,8.16666666666667,1.83333333333333
"Paul Millsap","PF,C","ATL",33.1,0.48,0.749,1.1,8,3.2,1.7,1,2.3,17.1,12.7397260273973,4.61643835616438
"Kevin Love","PF,C","CLE",34.8,0.44,0.806,2.1,10,2.4,0.7,0.5,1.9,18,12.6933333333333,4.28
"Nikola Vucevic","PF,C","ORL",34.6,0.528,0.759,0,11.5,2,0.8,1,2,18.8,16.2972972972973,2.94594594594595
"Kyrie Irving","PG,SG","CLE",34.3,0.461,0.862,2.1,2.8,4.8,1.5,0.3,2.5,20.4,16.4666666666667,4.86666666666667
"Marc Gasol","C","MEM",33.9,0.49,0.797,0,8.1,3.8,0.9,1.7,2.2,18.9,13.2345679012346,5.4320987654321
"Kyle Lowry","PG","TOR",35.1,0.415,0.81,2,4.8,7.1,1.7,0.2,2.5,18.7,14.9,4.45714285714286
"Draymond Green","SF,PF","GS",32.3,0.443,0.663,1.4,8.3,3.9,1.6,1.5,1.9,11.9,9.68354430379747,2.53164556962025
"Nerlens Noel","PF,C","PHI",32.8,0.482,0.627,0,8.9,2,1.9,2.2,2.1,12.8,8.70666666666667,3.06666666666667
"Pau Gasol","PF,C","CHI",33.7,0.488,0.781,0.1,10,2.9,0.4,1.4,2.1,17.8,14.7820512820513,4.69230769230769
"DeAndre Jordan","C","LAC",34.1,0.693,0.404,0,13.9,0.7,1,2.3,1.4,11.2,6.51219512195122,5.74390243902439
"Brook Lopez","C","BKN",31.8,0.522,0.81,0,8.3,0.8,0.6,1.8,1.6,19.4,13.7083333333333,3.80555555555556
"Hassan Whiteside","C","MIA",28.5,0.599,0.49,0,11.9,0.1,0.7,2.6,1.6,14.5,8.0625,3.25
"Eric Bledsoe","PG,SG","PHO",35.7,0.452,0.794,1.2,5.3,6.1,1.7,0.6,3.2,18,12.9135802469136,5.44444444444444
"Mike Conley","PG","MEM",33,0.45,0.842,1.7,3,5.9,1.5,0.2,2.2,17,12.6,3.55714285714286
"Victor Oladipo","PG,SG","ORL",35.3,0.443,0.805,1.2,4.3,4.2,1.9,0.3,2.8,18.8,15.0833333333333,4.44444444444444
"Andre Drummond","PF,C","DET",33,0.513,0.401,0,14.3,0.9,0.9,2.1,1.7,17.2,11.719512195122,4.45121951219512
"Chris Bosh","PF,C","MIA",35.6,0.49,0.786,1.3,6.8,2,1,0.7,2,21.5,16.9318181818182,5.27272727272727
"Al Jefferson","PF,C","CHA",32,0.492,0.691,0,9,1.9,0.8,1.1,1.3,17.4,15.5384615384615,2.53846153846154
"Gordon Hayward","SG,SF","UTA",35.4,0.459,0.812,1.8,4.7,4.6,1.4,0.5,2.7,20.3,14.3026315789474,6.07894736842105
"Rudy Gay","SF,PF","SAC",35.7,0.456,0.843,1.1,6,3.4,1.3,0.8,2.8,21.9,16.4117647058824,5.77941176470588
"Jeff Teague","PG","ATL",31.4,0.465,0.863,1.1,2.5,7.3,1.8,0.4,2.9,16.8,12.1506849315068,4.36986301369863
"Derrick Favors","PF,C","UTA",32.5,0.52,0.672,0,8.6,1.5,1,1.8,1.8,16.9,12.4054054054054,4.48648648648649
"Trevor Ariza","SG,SF","HOU",35.3,0.419,0.803,2.3,5.4,2.5,1.9,0.2,1.7,12.8,11.0975609756098,1.74390243902439
"Tim Duncan","PF,C","SA",27.7,0.525,0.747,0,8.6,2.8,0.7,1.9,1.8,13.3,10.6363636363636,4.03896103896104
"Tobias Harris","SF,PF","ORL",35,0.477,0.791,1.1,6.9,1.8,1.1,0.6,1.6,17.4,13.9558823529412,3.60294117647059
"Marcin Gortat","C","WSH",30.6,0.554,0.696,0,8.8,1.3,0.6,1.4,1.3,11.8,9.45121951219512,2.13414634146341
"Dirk Nowitzki","PF,C","DAL",28.7,0.467,0.883,1.4,5.7,2,0.6,0.5,1.1,17.2,13.7922077922078,3.75324675324675
"Brandon Knight","PG,SG","PHO",33.5,0.431,0.835,1.9,3.8,5.3,1.4,0.2,2.9,18.3,14.0952380952381,3.53968253968254
"Kyle Korver","SG,SF","ATL",32.3,0.491,0.894,3.1,4,2.7,0.6,0.5,1.4,12.3,8,1.57333333333333
"Greg Monroe","PF,C","MIL",32.9,0.495,0.715,0,9.9,2.2,1.1,0.6,2,16.1,12.3623188405797,4.8695652173913
"Kenneth Faried","PF,C","DEN",31.5,0.524,0.668,0,11.3,1.3,1.1,0.9,1.8,16.2,9.81333333333333,3.84
"Goran Dragic","PG,SG","MIA",34.9,0.503,0.767,1.3,3.3,5.4,1.2,0.2,2.5,17.8,12.8461538461538,3
"Danny Green","SG,SF","SA",29.3,0.439,0.855,2.5,4.3,2,1.3,1,1.2,12.1,9.11111111111111,1.5679012345679
"Andrew Wiggins","SG,SF","MIN",38.2,0.451,0.78,0.6,5.5,2.2,1.1,0.6,2.4,20.7,13.8658536585366,5.68292682926829
"Reggie Jackson","PG,SG","DET",32,0.437,0.848,1.1,5,7.8,0.9,0.2,3,17,12.9350649350649,2.83116883116883
"DeMarre Carroll","SF,PF","TOR",33.3,0.481,0.758,2.1,5.7,2,1.5,0.3,1.3,13.9,9.19718309859155,2.54929577464789
"Kemba Walker","PG","CHA",34.6,0.401,0.831,1.3,3.6,5.4,1.5,0.4,1.9,17.3,15.8225806451613,4.56451612903226
"Karl-Anthony Towns","C","MIN",34.4,0.496,0.8,0.2,8.1,0.9,0.6,2,1.9,14.9,12.6666666666667,3
"DeMar DeRozan","SG,SF","TOR",35.3,0.424,0.83,0.5,4.3,3.4,1.1,0.2,2.1,20,16.5,7.23333333333333
"Danilo Gallinari","SF","DEN",32.3,0.419,0.862,2.3,5,2.2,1.1,0.5,1.6,17.3,9.6271186440678,3.23728813559322
"Giannis Antetokounmpo","SF,PF","MIL",33,0.495,0.747,0.3,7,2.7,1.2,1.3,2.2,13.6,9.62962962962963,4.28395061728395
"Jonas Valanciunas","C","TOR",30.3,0.559,0.782,0,9.6,0.7,0.4,1.3,1.7,14.4,8.15,3.45
"Monta Ellis","PG,SG","IND",37,0.442,0.769,1,3.6,6,1.9,0.3,3,20,16.925,3.7875
"Nicolas Batum","SG,SF","CHA",36.2,0.442,0.84,2,6.5,4.9,1.1,1,2.2,14.4,8.45070422535211,1.38028169014085
"Dwight Howard","PF,C","HOU",32.2,0.589,0.526,0,11.4,1.5,0.8,1.5,2.9,16.6,10.3170731707317,6.60975609756098
"Nikola Mirotic","SF,PF","CHI",23.2,0.434,0.816,1.7,5.9,1.2,0.8,0.8,1.5,13.9,7.60975609756098,3.46341463414634
"Dwyane Wade","PG,SG","MIA",31.3,0.482,0.753,0.3,3.4,4.7,1.3,0.4,3.1,19.7,17.4838709677419,5.96774193548387
"Chandler Parsons","SF,PF","DAL",36.8,0.469,0.73,2.5,5.7,3.8,1.1,0.3,2.1,18.8,12.5606060606061,2.92424242424242
"Zach Randolph","PF,C","MEM",31.5,0.477,0.757,0.1,10,2,0.8,0.2,2.1,14.7,13.1267605633803,4.19718309859155
"Kobe Bryant","SG,SF","LAL",34.8,0.386,0.822,1.4,5.4,5.4,1.2,0.2,3.7,20.2,20.3714285714286,6.88571428571429
"Elfrid Payton","PG","ORL",33.6,0.428,0.578,0.2,4.7,7.7,1.9,0.3,2.7,10.1,8.63414634146342,2.60975609756098
"Khris Middleton","SG,SF","MIL",30.3,0.463,0.855,2.1,4.2,2.3,1.4,0.2,1.6,14.8,11,1.9746835443038
"George Hill","PG,SG","IND",31.5,0.48,0.796,1.7,4.3,4.9,1.1,0.3,1.5,14.9,12.4418604651163,3.32558139534884
"Ricky Rubio","PG","MIN",32,0.367,0.806,0.6,4.2,8.5,2.2,0.1,2.9,9.8,9.95454545454546,3.22727272727273
"Isaiah Thomas","PG","BOS",29,0.434,0.865,2,2.5,5.8,1,0.1,2.3,19.3,11.8805970149254,5.19402985074627
"Jrue Holiday","PG","NOR",24.2,0.45,0.831,1.1,2.7,5.5,1.2,0.4,2,11.5,13.35,1.9
"Tyson Chandler","C","PHO",30.6,0.646,0.698,0,11,1.1,0.6,1.2,1.4,10,5.86666666666667,3.42666666666667
"Derrick Rose","PG","CHI",32.8,0.424,0.813,1.7,3.4,6.2,0.8,0.3,3.4,19.3,16.3725490196078,3.66666666666667
"Ty Lawson","PG","HOU",35.6,0.472,0.773,1.3,3.2,7.3,1.4,0.1,2.4,16.9,12.3466666666667,4.84
"Bradley Beal","SG","WSH",34.5,0.43,0.786,2.1,3.9,3.2,1.1,0.3,1.9,17.4,13.5079365079365,2.63492063492063
"Michael Carter-Williams","PG","MIL",31.5,0.42,0.726,0.4,4.9,6,1.9,0.5,3.3,13.9,13.7164179104478,4.34328358208955
"Joakim Noah","PF,C","CHI",29.8,0.461,0.693,0,9.1,4.5,0.8,1,1.9,8.4,6.37313432835821,2.59701492537313
"J.J. Redick","SG","LAC",31.6,0.467,0.907,2.6,2.2,2.3,0.6,0.1,1.4,16.6,12.025641025641,2.6025641025641
"Thaddeus Young","SF,PF","BKN",31.9,0.489,0.665,0.6,6,2.1,1.8,0.4,1.6,14.5,12.7368421052632,2.63157894736842
"Robert Covington","SG,SF","PHI",27.7,0.403,0.824,2.5,4.3,1.7,1.4,0.4,1.8,13.6,10.8,3.1
"Deron Williams","PG","DAL",32,0.412,0.83,1.5,3.2,6.4,1,0.3,2.5,13.9,11.3382352941176,3.54411764705882
"Jahlil Okafor","C","PHI",32.4,0.48,0.522,0,7.7,0.9,0.5,1,2,13.1,16.8571428571429,5.28571428571429
"Enes Kanter","C","OKC",30,0.514,0.77,0.1,8.9,0.8,0.5,0.5,2.1,13.4,12.3733333333333,3.12
"Ryan Anderson","PF,C","NOR",30.2,0.421,0.861,2.8,5.5,0.8,0.6,0.3,1.1,15.5,11.9508196721311,2.47540983606557
"Jabari Parker","SF,PF","MIL",27.5,0.459,0.735,0.2,5.6,1.1,0.9,0.7,1.8,12.5,10.52,2.64
"Terrence Jones","SF,PF","HOU",30.2,0.531,0.611,0.4,7.6,1.3,0.7,1.8,1.2,12.2,9.06060606060606,2.84848484848485
"Wesley Matthews","SG,SF","DAL",32,0.43,0.797,2.7,3.3,2.1,1.1,0.2,1.3,15.9,12.5333333333333,2.41666666666667
"Ersan Ilyasova","SF,PF","DET",27.8,0.456,0.787,1.3,6.3,1.3,0.8,0.4,1.1,13.5,9.60344827586207,1.8448275862069
"Markieff Morris","PF,C","PHO",32.8,0.464,0.771,0.7,6.7,2.3,1.2,0.6,2.1,15.8,13.4146341463415,2.82926829268293
"Robin Lopez","C","NY",33.7,0.54,0.785,0,8.9,1.1,0.4,1.8,1.4,13.7,7.40677966101695,2.15254237288136
"Gorgui Dieng","PF,C","MIN",31.2,0.505,0.769,0,9.1,1.9,1,1.8,1.8,9.3,7.01369863013699,3.34246575342466
"Kevin Martin","SG,SF","MIN",27.9,0.432,0.885,1.8,2.8,1.7,0.8,0.1,1.5,15.3,16.025641025641,4.94871794871795
"Eric Gordon","SG","NOR",32.5,0.422,0.807,2.5,2.5,3.2,0.9,0.2,2.1,14.1,11.3770491803279,2.18032786885246
"David Lee","PF,C","BOS",32.3,0.519,0.776,0,9.1,2.7,0.7,0.4,2,16.8,6.38775510204082,2.12244897959184
"Tyreke Evans","PG,SG","NOR",34.3,0.448,0.754,1,5.1,6.7,1.3,0.5,3,17.3,14.746835443038,3.68354430379747
"C.J. McCollum","PG,SG","POR",26.8,0.43,0.729,1.7,2.5,2,1.1,0.2,1.6,13.2,5.88709677419355,1.17741935483871
"Emmanuel Mudiay","PG","DEN",34.1,0.391,0.554,0.9,4.4,6.3,1.2,0.3,4.1,13.6,13.4285714285714,3.71428571428571
"Meyers Leonard","PF,C","POR",23.7,0.511,0.819,1.1,6.4,0.9,0.3,0.5,1.1,9.7,4.45454545454545,0.581818181818182
"D'Angelo Russell","PG","LAL",28.8,0.404,0.745,1.5,4.4,5.6,1.2,0.2,3.6,13.6,9.5,0.833333333333333
"Roy Hibbert","C","LAL",29.9,0.445,0.772,0,7.9,1.3,0.3,2.2,1.8,11,9.3421052631579,2.68421052631579
"Wilson Chandler","SG,SF","DEN",31.8,0.433,0.765,1.9,5.8,1.8,0.8,0.4,1.4,14.4,12.5,1.82051282051282
"Rajon Rondo","PG","SAC",31,0.41,0.485,0.5,4.5,7.2,1.5,0.1,3.2,8.2,9.48529411764706,1.14705882352941
"Joe Johnson","SG,SF","BKN",32.4,0.438,0.8,1.4,3.7,3.2,0.7,0.2,1.6,13.6,12.8125,2.2
"J.R. Smith","SG,SF","CLE",30.9,0.428,0.75,2.8,2.7,2.8,1.4,0.3,1.2,13.2,10.7857142857143,1.02857142857143
"Luol Deng","SF,PF","MIA",32.9,0.459,0.775,1,5,2.2,0.9,0.3,1.5,12.9,10.9305555555556,3.48611111111111
"Al-Farouq Aminu","SF,PF","POR",30.6,0.44,0.737,0.5,7.6,2,1.3,1,1.5,9.4,4.82432432432432,1.59459459459459
"Andrew Bogut","C","GS",23.2,0.572,0.457,0,8.1,2.2,0.6,1.7,1.4,6.2,5.29850746268657,0.626865671641791
"Ed Davis","PF,C","POR",29.6,0.579,0.529,0,8.9,1.4,0.7,1.4,1.1,11.8,5.93670886075949,2.39240506329114
"Timofey Mozgov","C","CLE",24.6,0.544,0.732,0,6.8,0.7,0.4,1.2,1.5,9.3,6.98765432098765,2.66666666666667
"Marcus Smart","PG","BOS",30.5,0.398,0.668,1.6,4.1,3.5,1.7,0.3,1.8,11.2,7.11940298507463,1.8955223880597
"Jarrett Jack","PG,SG","BKN",36.3,0.461,0.868,0.8,3.8,6.8,1.1,0.2,2.7,16.3,10.2125,2.8375
"Stanley Johnson","SF","DET",27.7,0.433,0.742,0.8,5.3,0.9,1.1,0.3,1.3,10.5,8,1.85714285714286
"Harrison Barnes","SF,PF","GS",28.5,0.484,0.724,1.1,5.5,1.4,0.9,0.2,1,10.6,8,1.82926829268293
"Jared Sullinger","PF,C","BOS",26.4,0.445,0.755,0.7,7.8,1.9,0.6,0.7,1.4,13,12.2068965517241,2.22413793103448
"Jordan Clarkson","PG,SG","LAL",32.2,0.455,0.839,0.9,4,4.9,1.1,0.3,2.3,13.8,10.1016949152542,2.67796610169492
"Andre Iguodala","SG,SF","GS",27,0.468,0.607,0.9,3.1,3.2,1.2,0.3,1.2,8.4,6.44155844155844,1.48051948051948
"Patrick Patterson","PF,C","TOR",20.7142857142857,0.348837209302326,1,1.28571428571429,2.57142857142857,1.28571428571429,0.857142857142857,0.428571428571429,1,5.85714285714286,6.60493827160494,0.987654320987654
"Tony Parker","PG","SA",28.4,0.495,0.806,0.4,2,5,0.6,0.1,2.1,13.8,12.2352941176471,2.44117647058824
"Kentavious Caldwell-Pope","SG","DET",33.6,0.41,0.708,2,3.3,1.4,1.3,0.2,1.1,13.9,11.8536585365854,1.92682926829268
"Avery Bradley","PG,SG","BOS",32,0.432,0.792,1.6,3.3,1.8,1.1,0.2,1.5,14.5,13.1558441558442,1.2987012987013
"Amir Johnson","PF,C","BOS",28.5,0.567,0.646,0.2,6.7,1.6,0.8,1.1,1.6,10.1,6.92,1.72
"Jusuf Nurkic","C","DEN",27.6,0.457,0.65,0,9.6,1.3,1,1.7,2,10.9,6.17741935483871,2.12903225806452
"Jae Crowder","SF,PF","BOS",29.8,0.384615384615385,0.782608695652174,0.8,6,2.2,3,0.6,2.4,10.4,6.64634146341463,1.71951219512195
"Julius Randle","PF","LAL",31.2,0.432,0.629,0.1,9.2,0.9,0.6,0.7,2.4,12.9,3,2
"Brandon Jennings","PG","DET",26.5,0.381,0.8,1.6,2.3,5.7,1,0.1,2,12.5,13.2439024390244,3.48780487804878
"Alec Burks","PG,SG","UTA",30.5,0.43,0.773,1.1,3.7,2.8,0.8,0.2,1.9,14,11.1111111111111,4.77777777777778
"Kevin Garnett","PF,C","MIN",15.5,0.333333333333333,0.333333333333333,0,5.16666666666667,1.16666666666667,0.666666666666667,0.333333333333333,0.166666666666667,2.33333333333333,6.51063829787234,0.957446808510638
"Tristan Thompson","PF,C","CLE",28.7,0.512,0.652,0,9.2,0.7,0.5,0.7,1.2,9.8,5.95121951219512,3.02439024390244
"Iman Shumpert","SG,SF","CLE",23.9,0.401,0.7,1.2,3.5,1.6,1.3,0.2,1.2,7.4,7.59677419354839,1.03225806451613
"Darren Collison","PG","SAC",28.7,0.47,0.821,1,2.4,4.3,1.2,0.2,2,11.6,12.2222222222222,4.08888888888889
"Seth Curry","PG","SAC",6.75,0.7,NA,0.75,0.25,1.5,0,0,0,4.25,1.5,0
"Tony Allen","SG,SF","MEM",25.8,0.486,0.651,0.1,4.4,1.4,1.9,0.5,1.4,8.3,7.22222222222222,2
"Jamal Crawford","SG,SF","LAC",25.1,0.408,0.884,1.8,1.8,2.4,0.8,0.2,1.5,13.9,13.109375,3.9375
"Carlos Boozer","PF,C","LAL",1692,0.499327052489906,0.626666666666667,0,6.7887323943662,1.33802816901408,0.577464788732394,0.169014084507042,1.29577464788732,11.7746478873239,10.4647887323944,2.11267605633803
"David West","PF","SA",26.6,0.491,0.759,0,6,2.8,0.7,0.7,1.6,10.6,10.3939393939394,2.43939393939394
"Boris Diaw","PF,C","SA",19.1428571428571,0.5625,0.571428571428571,0.428571428571429,1.85714285714286,3.71428571428571,0.428571428571429,0.571428571428571,1,6.14285714285714,7.80246913580247,1.14814814814815
"Amar'e Stoudemire","PF,C","MIA",12,0.5,0.720430107526882,0,3,0,0,0,0,2,8.30508474576271,3.15254237288136
"Trey Burke","PG","UTA",32.8,0.393,0.809,1.7,3,5.1,0.9,0.2,1.8,14.3,13.2236842105263,1.90789473684211
"Nikola Pekovic","C","MIN",24.2,0.488,0.78,0,6.6,0.7,0.5,0.4,1.2,10.2,10.5806451612903,4.16129032258065
"Derrick Williams","SF,PF","NY",15.8571428571429,0.403508771929825,0.757575757575758,0.428571428571429,2.28571428571429,0.428571428571429,0.428571428571429,0.285714285714286,1,10.5714285714286,6.55405405405405,2.64864864864865
"Nick Young","SG,SF","LAL",22.3,0.399,0.861,1.5,2.1,0.9,0.5,0.2,1,11.3,11.3333333333333,3.52380952380952
"Isaiah Canaan","PG","PHI",24.4,0.401,0.793,2.4,2.3,2.5,0.8,0.1,1.7,11.4,7.875,1.25
"Lou Williams","PG,SG","LAL",24.2,0.406,0.86,1.3,1.9,2.4,0.9,0.1,1.3,11.6,11.6,4.9375
"Josh Smith","SF,PF","LAC",25.8,0.447,0.514,0.9,5.7,2.8,1.1,1.6,2.2,11.8,11.8915662650602,3.07228915662651
"Michael Kidd-Gilchrist","SF","CHA",17.2,0.481,0.667,0,5,0.8,0.4,0.6,0.6,6.8,8.76363636363636,3.89090909090909
"Aaron Gordon","SF,PF","ORL",25.8,0.455,0.727,1.5,5.4,1,0.9,0.7,1.2,8.6,4.42553191489362,1.29787234042553
"Paul Pierce","SF,PF","LAC",24.8,0.449,0.792,1.7,3.7,2.2,0.5,0.3,1.5,11.5,8.98630136986301,2.87671232876712
"Kelly Olynyk","C","BOS",17,0.379310344827586,0.666666666666667,1,4.5,1.25,1.75,1,1.5,7.5,8.25,2.125
"Mario Chalmers","PG,SG","MIA",27,0.418,0.768,1,2.4,3.1,1.5,0.1,1.9,9.1,8.2875,3.325
"Gerald Green","SG,SF","MIA",21.3333333333333,0.32258064516129,1,2.33333333333333,0.666666666666667,0.333333333333333,0,0,1,10.3333333333333,10.5135135135135,1.62162162162162
"Otto Porter","SF","WSH",29.3,0.455,0.751,1.2,6.6,1.6,1,0.6,1.5,12.2,5.28378378378378,1.06756756756757
"Terrence Ross","SG,SF","TOR",17.4285714285714,0.363636363636364,1,1,1.85714285714286,0.714285714285714,0.714285714285714,0.142857142857143,0.857142857142857,6.28571428571429,9.18292682926829,0.682926829268293
"Marco Belinelli","SG,SF","SAC",27.875,0.37037037037037,0.814814814814815,1.875,1.625,3.125,0.625,0,1.375,12.125,7.58064516129032,1.59677419354839
"Tim Hardaway Jr.","SG,SF","ATL",19.6,0.402,0.814,1.3,1.6,1.2,0.3,0.1,0.8,9,10.2428571428571,2.22857142857143
"Anderson Varejao","PF,C","CLE",20.9,0.519,0.707,0,5.8,1.5,0.7,0.5,1,7.4,7.69230769230769,1.73076923076923
"Luis Scola","PF,C","TOR",21.8571428571429,0.433962264150943,0.5,0.571428571428571,7.14285714285714,1.28571428571429,0.857142857142857,0.285714285714286,1.28571428571429,7.28571428571429,7.92592592592593,2.79012345679012
"Brandon Bass","PF,C","LAL",28.1,0.487,0.813,0.1,5.5,1.3,0.5,0.6,1.2,10.2,8.32926829268293,2.60975609756098
"Taj Gibson","PF,C","CHI",27.2,0.491,0.724,0,6.4,1.1,0.5,1.3,1.4,9.6,8.16129032258065,2.96774193548387
"Jeff Green","SG,SF","MEM",29.6,0.429,0.816,0.9,4,1.6,0.6,0.5,1.5,12.4,12.3974358974359,3.67948717948718
"Jordan Hill","PF,C","IND",25.5,0.478,0.717,0,7.7,1.3,0.5,0.8,1.4,9.8,11.1,2.4
"Andrea Bargnani","PF,C","BKN",25.4,0.441,0.819,0.8,4.1,1,0.2,0.7,1.3,11.3,12.448275862069,3.68965517241379
"Ben McLemore","SG","SAC",32.7,0.438,0.811,1.7,3.1,1.6,1.1,0.2,1.6,12.3,10.1341463414634,1.95121951219512
"Mason Plumlee","PF,C","POR",31.2,0.535,0.529,0,8.7,1.4,1.2,1.2,1.9,11.9,5.96341463414634,3.86585365853659
"Lance Stephenson","SG,SF","LAC",27,0.448,0.664,0.6,3.9,3.4,0.7,0.1,2,9.6,9.01639344262295,1.80327868852459
"Manu Ginobili","SG,SF","SA",22.1,0.438,0.765,1.2,2.8,3.9,1,0.3,2.1,10.2,8.41428571428571,2.91428571428571
"Steven Adams","C","OKC",25.5714285714286,0.625,0.555555555555556,0,5.57142857142857,1,0.428571428571429,2.28571428571429,1.42857142857143,6.42857142857143,5.7,2.92857142857143
"Kristaps Porzingis","PF","NY",30.5,0.466,0.755,0.7,3.6,1.1,0.8,1.1,1.8,12.8,10.8571428571429,3.71428571428571
"Cody Zeller","PF,C","CHA",21.5,0.433333333333333,0.733333333333333,0,5.33333333333333,0.333333333333333,1.16666666666667,0.333333333333333,0.666666666666667,6.16666666666667,6.01612903225806,2.64516129032258
"Patty Mills","PG","SA",21.2857142857143,0.521739130434783,0.5,1.71428571428571,1.85714285714286,3,1.14285714285714,0,1,8.71428571428571,6.58823529411765,0.784313725490196
"Doug McDermott","SF","CHI",21.375,0.532258064516129,0.8,2.375,2.125,0.75,0.125,0,0.75,11.125,2.97222222222222,0.416666666666667
"Zach LaVine","PG,SG","MIN",32.7,0.42,0.84,1.2,3.7,4.7,0.9,0.2,3.3,14.3,8.79220779220779,2.2987012987013
"Nene Hilario","PF,C","WSH",24.6,0.505,0.617,0.1,5.1,2.1,1,0.5,1.9,10.3,8.83823529411765,2.97058823529412
"Willie Cauley-Stein","C","SAC",22.2,0.461,0.514,0,4.7,0.5,0.7,1.9,0.7,6.5,3.875,2.125
"Justise Winslow","SF","MIA",26.5,0.45,0.668,0.9,5.6,1.1,1.2,0.7,1.6,10.5,6.57142857142857,0.857142857142857
"Mo Williams","PG,SG","CLE",30.2,0.405,0.88,1.7,2.6,6.1,0.8,0.2,2.6,13.8,12.6470588235294,2.75
"O.J. Mayo","PG,SG","MIL",23.9,0.426,0.832,1.4,2.5,2.7,0.7,0.2,1.8,10.7,9.87323943661972,1.95774647887324
"Omer Asik","PF,C","NOR",25.7,0.525,0.584,0,9.4,0.9,0.4,0.8,1.4,7.5,5.35064935064935,2.92207792207792
"Frank Kaminsky","C",NA,NA,NA,NA,NA,NA,NA,NA,NA,NA,NA,NA,NA
"Jeremy Lin","PG,SG","CHA",27.8,0.431,0.805,1,2.7,4.8,1.2,0.4,2.4,12,8.83783783783784,3.62162162162162
"Mario Hezonja","SG","ORL",26.4,0.431,0.735,1.3,2,0.9,0.4,0.2,1.2,10.4,4.875,0.25
"Marvin Williams","SF,PF","CHA",31.8333333333333,0.472727272727273,0.8,2,8.83333333333333,2,0.166666666666667,0.833333333333333,1,11.3333333333333,6.34615384615385,1.11538461538462
"Aaron Brooks","PG","CHI",22.3,0.419,0.837,1.3,2,3.1,0.7,0.2,1.8,10.5,9.96341463414634,2.1219512195122
"P.J. Tucker","SG,SF","PHO",33.6,0.439,0.742,1.3,7,1.6,1.4,0.3,1.5,11.2,7.64102564102564,1.83333333333333
"Dion Waiters","SG,SF","OKC",26.1,0.408,0.689,1,2.3,1.9,1.1,0.2,1.5,11.2,11.825,2.15
"Evan Turner","SG,SF","BOS",28.3,0.432,0.771,0.5,5.1,5,1,0.2,2.4,10.4,9.09756097560976,1.71951219512195
"Jose Calderon","PG","NY",27.4,0.443,0.867,1.4,2.4,4.5,0.7,0.1,1.4,9.3,8.42857142857143,0.761904761904762
"Arron Afflalo","SG,SF","NY",35.1,0.44,0.835,1.9,3.5,2.7,0.6,0.1,1.8,17.2,11.3333333333333,2.53846153846154
"John Henson","PF,C","MIL",17.9,0.544,0.55,0,4.5,0.9,0.4,2.1,1.2,6.8,5.16417910447761,2.04477611940298
"Cory Joseph","PG","TOR",23.2857142857143,0.555555555555556,0.785714285714286,0.142857142857143,2.14285714285714,2.14285714285714,1,0.285714285714286,1.28571428571429,7.42857142857143,5.20253164556962,1.81012658227848
"Corey Brewer","SG,SF","HOU",24.8,0.421,0.729,0.7,3,1.8,1.4,0.2,1.3,10,10.0625,2.825
"Dennis Schroder","PG","ATL",21.1,0.435,0.806,0.8,2.6,4.2,0.9,0.1,2.3,11.7,8.63636363636364,2.32467532467532
"Myles Turner","C","IND",26,0.452,0.803,0,6.1,0.4,0.2,1.6,1.2,9.9,5.42857142857143,1.42857142857143
"Kris Humphries","PF,C","WSH",20.6666666666667,0.388888888888889,1,1.16666666666667,5,0.5,0.166666666666667,0.166666666666667,0.833333333333333,7.16666666666667,6.96875,1.828125
"Nemanja Bjelica","PF","MIN",29,0.484848484848485,0.615384615384615,1.5,7.5,2.83333333333333,0.666666666666667,0.333333333333333,1.5,8.16666666666667,5.5,2.16666666666667
"Greivis Vasquez","PG,SG","MIL",21.2,0.416,0.795,1.2,2.3,3.6,0.5,0.1,1.5,8.5,8.84146341463415,0.804878048780488
"Tyler Zeller","PF,C","BOS",8.2,0.45,0.833333333333333,0,1,0.6,0,0.2,0.4,4.6,7.54878048780488,2.26829268292683
"Donatas Motiejunas","SF,PF","HOU",28.7,0.491,0.606,0.7,6,1.7,0.7,0.5,1.7,11.8,9.85915492957746,2.33802816901408
"Marcus Morris","SF,PF","DET",24.5,0.438,0.662,1.3,4.6,1.4,0.8,0.2,1,9.9,9.41975308641975,1.39506172839506
"Kyle O'Quinn","PF,C","NY",18,0.523809523809524,0.714285714285714,0,5.71428571428571,1.42857142857143,0.571428571428571,1.28571428571429,1.42857142857143,7,4.74509803921569,1.11764705882353
"Jerian Grant","PG","NY",28.9,0.433,0.785,2.4,1.8,4.6,1.2,0.3,2,12.3,6,2.71428571428571
"Shabazz Muhammad","SG,SF","MIN",17.6666666666667,0.46875,0.823529411764706,0.166666666666667,2.5,0.333333333333333,0.166666666666667,0.166666666666667,1.16666666666667,7.5,10.4473684210526,3.81578947368421
"C.J. Miles","SG,SF","IND",23.9,0.404,0.826,1.5,2.8,1,0.8,0.3,1,10.6,11.8142857142857,2.3
"Bojan Bogdanovic","SG,SF","BKN",30.3,0.463,0.828,1.9,3.5,1.5,0.6,0.1,1.3,13.5,7.38461538461539,1.35897435897436
"Joffrey Lauvergne","PF,C","DEN",19,0.666666666666667,1,1,6.33333333333333,2,0.333333333333333,0.333333333333333,0.666666666666667,10.6666666666667,3.70833333333333,1.16666666666667
"Tony Wroten","PG,SG","PHI",23.9,0.414,0.655,1.1,2.7,4.4,1.3,0.2,2.9,12.4,14.4666666666667,6
"Ian Mahinmi","C","IND",22.2857142857143,0.575,0.166666666666667,0,5.57142857142857,1,0.714285714285714,1.57142857142857,0.714285714285714,6.71428571428571,3.47540983606557,1.67213114754098
"Patrick Beverley","PG,SG","HOU",26.3,0.4,0.773,1.5,2.9,2.5,0.9,0.4,1.2,8.6,9.5,1.07142857142857
"Nik Stauskas","SG","PHI",27.4,0.404,0.865,1.8,2.1,1.8,0.5,0.4,1.2,11.4,4.05479452054795,0.876712328767123
"Rodney Hood","SG,SF","UTA",24.3,0.425,0.773,1.4,2.7,2.1,0.7,0.3,1,10.3,7.48,1.6
"Alex Len","C","PHO",14.8571428571429,0.444444444444444,0.736842105263158,0,5.57142857142857,0.285714285714286,0.714285714285714,0.285714285714286,2,6.57142857142857,5.11594202898551,1.50724637681159
"Anthony Morrow","SG,SF","OKC",25.4,0.46,0.87,2.1,2.7,0.9,0.7,0.2,0.6,11.3,8.31081081081081,1.2027027027027
"Langston Galloway","PG,SG","NY",27.4,0.404,0.815,1.2,3.4,2.8,1,0.2,1.1,10.1,11.3555555555556,1.73333333333333
"Zaza Pachulia","C","DAL",27.7,0.45,0.782,0,7.8,2.8,1.2,0.3,2,9.1,7.24657534246575,2.19178082191781
"Matt Barnes","SG,SF","MEM",30.8,0.445,0.765,1.4,4.2,1.7,1,0.7,1.3,9.5,8.21052631578947,1.25
"Tiago Splitter","C","ATL",18.75,0.465116279069767,0.923076923076923,0,4.375,1,0.625,0.25,0.875,6.5,5.82692307692308,2.30769230769231
"Courtney Lee","SG,SF","MEM",29.625,0.368421052631579,0.909090909090909,0.75,2.75,1.5,1.375,0.125,0.625,10.25,8.35064935064935,1.67532467532468
"Gerald Henderson","SG,SF","POR",32.2,0.433,0.82,0.8,3.9,2.8,0.8,0.4,1.7,15.8,10.5875,2.7125
"Mike Dunleavy","SG,SF","CHI",27.1,0.434,0.831,1.8,3.7,1.8,0.6,0.4,1,9.6,7.63492063492064,1.38095238095238
"Kosta Koufos","PF,C","SAC",25.625,0.596491228070175,0.25,0,7.5,0.5,0.75,1.375,0.875,8.625,4.41975308641975,1.04938271604938
"T.J. Warren","SF","PHO",21.1428571428571,0.476923076923077,0.636363636363636,0.428571428571429,3.57142857142857,0.571428571428571,0.428571428571429,0,0.714285714285714,10.2857142857143,5.35,0.475
"Brandan Wright","PF,C","MEM",17.1428571428571,0.6,0.555555555555556,0,3.42857142857143,0.571428571428571,0.142857142857143,1.42857142857143,0.571428571428571,6.57142857142857,4.84,1.49333333333333
"Devin Harris","PG,SG","DAL",25.3,0.419,0.807,1.4,2.1,3.8,1.1,0.2,1.4,10.1,6.89473684210526,2.13157894736842
"Randy Foye","PG,SG","DEN",27.6,0.399,0.832,2.2,2,2.9,0.8,0.3,1.3,11.5,7.88235294117647,1.07843137254902
"Festus Ezeli","C","GS",20.375,0.571428571428571,0.551724137931034,0,6.375,1.125,0.375,1.75,1.125,10,3.02173913043478,1.69565217391304
"Hollis Thompson","SG,SF","PHI",28.8571428571429,0.339285714285714,0.727272727272727,1.57142857142857,4.57142857142857,2,0.285714285714286,0.142857142857143,1.57142857142857,8.14285714285714,7.64788732394366,1.25352112676056
"James Johnson","SF,PF","TOR",9.75,0.6,0.25,0,2,0.75,0.25,0,0.75,1.75,5.77142857142857,1.45714285714286
"Alexis Ajinca","PF,C","NOR",12.5,0.518518518518518,1,0,3.83333333333333,0.333333333333333,0.333333333333333,0.5,0.5,5.16666666666667,4.83823529411765,1.45588235294118
"Wesley Johnson","SG,SF","LAC",11.1428571428571,0.571428571428571,0.666666666666667,0.285714285714286,1.71428571428571,0.142857142857143,0.285714285714286,0.285714285714286,0,4,9.0921052631579,1.47368421052632
"Jared Dudley","SG,SF","WSH",21.4,0.45,0.5,0.4,3.8,1,0.8,0.4,1.2,4.4,5.875,0.930555555555556
"Josh McRoberts","PF,C","MIA",13.4285714285714,0.375,0.5,0.285714285714286,2.28571428571429,2,0.428571428571429,0,0.857142857142857,2.14285714285714,3.11764705882353,0.764705882352941
"Samuel Dalembert","C","DAL",544,0.438461538461538,0.7,0,5.25,0.90625,0.4375,1.28125,1.21875,4,4.0625,0.625
"Channing Frye","PF,C","ORL",15.3333333333333,0.4375,0.5,1.66666666666667,4.33333333333333,0.333333333333333,0,0,1,6.66666666666667,6.49333333333333,0.466666666666667
"Jodie Meeks","SG","DET",8.5,0.2,0.90625,0,1,0,0,0,0.5,1,8.9,2.66666666666667
"D.J. Augustin","PG","OKC",22.7,0.401,0.872,1.2,1.8,3.6,0.6,0,1.6,8.9,7.89024390243902,2.5
"Rodney Stuckey","PG,SG","IND",26,0.434,0.819,0.6,3,2.8,0.7,0.1,1.6,12.4,10.6197183098592,3.04225352112676
"Marreese Speights","PF,C","GS",11.625,0.34,0.785714285714286,0.125,4,0.625,0.25,0.5,0.875,5.75,8.5,2.34210526315789
"C.J. Watson","PG","ORL",19.375,0.368421052631579,0.714285714285714,0.625,2,3.125,1,0,0.75,4.75,7.31578947368421,2.92982456140351
"Spencer Hawes","PF,C","CHA",17.6666666666667,0.46875,0.2,0.5,3.33333333333333,1.83333333333333,0.5,0.333333333333333,1.33333333333333,5.66666666666667,5.68493150684932,0.931506849315068
"Jason Terry","PG,SG","HOU",10.2,0.307692307692308,0.8125,0.2,0.8,1.2,0.4,0,0.2,1.8,5.79220779220779,0.623376623376623
"Jerryd Bayless","PG,SG","MIL",30.8571428571429,0.396825396825397,0.75,1.85714285714286,2.42857142857143,3.85714285714286,0.857142857142857,0.428571428571429,2,10.7142857142857,6.7012987012987,1.77922077922078
"Kyle Singler","SG,SF","OKC",12.3333333333333,0.157894736842105,0.333333333333333,0.166666666666667,1.5,0,0.333333333333333,0.333333333333333,0.833333333333333,1.33333333333333,5.575,0.65
"Miles Plumlee","PF,C","MIL",7.85714285714286,0.666666666666667,1,0,2,0.285714285714286,0.142857142857143,0.857142857142857,1.14285714285714,2.57142857142857,3.47945205479452,0.63013698630137
"Shaun Livingston","PG,SG","GS",19.9,0.49,0.781,0,2.4,3.1,0.7,0.3,1.2,6.2,5.07692307692308,1.16666666666667
"Alan Anderson","SG,SF","WSH",1743,0.443181818181818,0.811881188118812,0.986486486486487,2.75675675675676,1.12162162162162,0.756756756756757,0.0675675675675676,0.810810810810811,7.36486486486486,5.94594594594595,1.36486486486486
"Shane Larkin","PG","BKN",16.4285714285714,0.428571428571429,0.714285714285714,0,1.42857142857143,2.85714285714286,1,0.285714285714286,1.57142857142857,5,5.68421052631579,1.02631578947368
"Jonas Jerebko","SF,PF","BOS",14.6,0.5,1,0.2,3.6,0.6,0,0.2,0.8,4.6,5.05333333333333,0.88
"Chris Andersen","PF,C","MIA",6,1,0.5,0,2,0,0,0,1,1.5,3.45,1.9
"Solomon Hill","SG,SF","IND",2,0.39589905362776,0.823834196891192,0,0,0,0,0,0,0,7.73170731707317,2.35365853658537
"Jameer Nelson","PG","DEN",25,0.399,0.794,1.5,2.6,4.9,0.8,0.1,1.9,9,8,0.571428571428571
"Caron Butler","SF","SAC",9.8,0.411764705882353,0.5,0,1,0,0.4,0,0.2,3,5.07692307692308,0.782051282051282
"Beno Udrih","PG","MEM",15.125,0.434782608695652,1,0.5,1.125,3.25,0.375,0.125,1.375,5.875,6.39240506329114,1.29113924050633
"Chris Kaman","PF,C","POR",4,0,0.705882352941177,0,0,0,0,0,0,0,7.41891891891892,1.37837837837838
"Pablo Prigioni","PG,SG","LAC",11.5,0,0.853658536585366,0,0.5,1.5,0.5,0,0.5,0,3.40298507462687,0.611940298507463
"Jason Thompson","PF,C","GS",7.5,0.555555555555556,0.622377622377622,0,2.75,0.5,0.5,0.25,0.75,2.5,5.28395061728395,1.76543209876543
"Jason Smith","PF,C","ORL",11.8333333333333,0.451612903225806,0.833333333333333,0.166666666666667,2.33333333333333,0.333333333333333,0.166666666666667,0.833333333333333,0.666666666666667,5.66666666666667,7.21951219512195,1.86585365853659
"Evan Fournier","SG,SF","ORL",38,0.475,0.76,2.375,3.875,2.25,1.25,0,1.875,19,9.91379310344828,2.53448275862069
"Thabo Sefolosha","SG,SF","ATL",19.5,0.576923076923077,0.5,0.666666666666667,4.16666666666667,1.5,2,0.333333333333333,1,6.16666666666667,4.78846153846154,1.11538461538462
"Trevor Booker","PF","UTA",21.2,0.272727272727273,0.581081081081081,0.2,5.2,1,0.6,0.6,0.4,3.8,5.87341772151899,1.87341772151899
"Dante Cunningham","SF,PF","NOR",23.8333333333333,0.448275862068966,0.75,0.833333333333333,3.83333333333333,0.666666666666667,0.333333333333333,0.166666666666667,0,5.66666666666667,5.13636363636364,0.712121212121212
"Cole Aldrich","C","LAC",3.5,0.5,0.78125,0,0,0,0,0,0.5,1,4.9344262295082,1.04918032786885
"Anthony Tolliver","SF,PF","DET",20.5,0.28,0.2,1,2.83333333333333,0.333333333333333,0.5,0.166666666666667,0.166666666666667,3.5,5.17105263157895,0.907894736842105
"Norris Cole","PG,SG","NOR",25.4,0.434,0.721,0.9,2.1,3.5,0.9,0.2,1.5,9.3,7.44,1.08
"Mike Scott","PF","ATL",11.8888888888889,0.441176470588235,1,0.333333333333333,2,1.11111111111111,0,0,0.444444444444444,4.55555555555556,6.66176470588235,1.13235294117647
"J.J. Barea","PG,SG","DAL",20,0.416,0.798,1,2.1,3.9,0.4,0,1.3,9.1,6.96103896103896,1.22077922077922
"Shawn Marion","SG,SF","CLE",1102,0.445692883895131,0.764705882352941,0.210526315789474,3.54385964912281,0.894736842105263,0.473684210526316,0.473684210526316,0.578947368421053,4.84210526315789,4.68421052631579,0.596491228070175
"Wayne Ellington","SG","BKN",13.1428571428571,0.275862068965517,0.8125,0.571428571428571,1.28571428571429,0.571428571428571,0.571428571428571,0.142857142857143,0,2.85714285714286,9.49230769230769,0.984615384615385
"Rasual Butler","SG,SF","SA",8.83333333333333,0.444444444444444,1,0.166666666666667,1.16666666666667,0.666666666666667,0.5,0.666666666666667,0.166666666666667,3.16666666666667,6.89333333333333,0.893333333333333
"Henry Sims","C","PHO",1401,0.474103585657371,0.773722627737226,0.0547945205479452,4.91780821917808,1.08219178082192,0.534246575342466,0.410958904109589,1.35616438356164,8.02739726027397,6.87671232876712,1.87671232876712
"Brian Roberts","PG,SG","CHA",7.25,0.25,0.666666666666667,0,0.5,0.25,0,0,0,2,6.27777777777778,1.02777777777778
"Richard Jefferson","SF","CLE",25,0.51063829787234,0.777777777777778,1.71428571428571,1.42857142857143,1,0.571428571428571,0,1.42857142857143,9.57142857142857,4.37837837837838,1.54054054054054
"Joe Ingles","SG,SF","UTA",18.1666666666667,0.583333333333333,1,1.16666666666667,2.16666666666667,1.16666666666667,0.5,0,0,6.16666666666667,4.48101265822785,0.506329113924051
"Chase Budinger","SG,SF","IND",15.125,0.375,0.428571428571429,0.75,2,1,0.375,0,0.375,3.375,5.82089552238806,1.2089552238806
"Vince Carter","SG,SF","MEM",16,0.25,0.789473684210526,1,1,0,1,0,1,3,6.15151515151515,0.863636363636364
"Tony Snell","SG,SF","CHI",23.875,0.403846153846154,0.875,1.625,3.875,1,0.25,0.375,0.875,7.75,5.15277777777778,0.763888888888889
"Aron Baynes","C","DET",11.1428571428571,0.5,0.75,0,3.28571428571429,0.571428571428571,0.142857142857143,0.285714285714286,0.571428571428571,3.42857142857143,4.67142857142857,1.48571428571429
"Omri Casspi","SF","SAC",24,0.523809523809524,0.555555555555556,1.375,5.75,1.25,1.125,0,1.75,10.875,6.37313432835821,2.85074626865672
"Bismack Biyombo","C","TOR",25.2,0.529,0.562,0,7.9,0.3,0.3,1.9,1,8.8,2.90625,2.734375
"Tayshaun Prince","SF,PF","MIN",23.3333333333333,0.363636363636364,0.571428571428571,0,2.16666666666667,0.5,0.666666666666667,0.166666666666667,0.5,3.33333333333333,6.93103448275862,1.12068965517241
"Kent Bazemore","SG,SF","ATL",18.8,0.429,0.605,0.7,3.1,1.5,0.9,0.4,1.2,6.3,4.41333333333333,1.33333333333333
"Darrell Arthur","PF,C","DEN",18.2857142857143,0.256410256410256,1,0.285714285714286,4.14285714285714,1.14285714285714,0.571428571428571,1,0.428571428571429,3.42857142857143,6.62068965517241,1.01724137931034
"Lavoy Allen","PF,C","IND",20,0.3,0.333333333333333,0,5.42857142857143,1.42857142857143,0.142857142857143,0.571428571428571,1,2.85714285714286,4.74603174603175,0.746031746031746
"Ryan Kelly","SF,PF","LAL",18,0.315789473684211,0.75,0.25,4.5,1.25,0.5,1.25,0.75,4,5.94230769230769,1.82692307692308
"Steve Blake","PG,SG","DET",15.1428571428571,0.266666666666667,0.707317073170732,0.714285714285714,1.57142857142857,3.28571428571429,0.285714285714286,0.142857142857143,1.85714285714286,3,4.03703703703704,0.506172839506173
"Jeremy Lamb","SG,SF","CHA",28.4,0.423,0.863,1.3,3.9,2,1,0.4,1.2,11.6,5.31914893617021,1.17021276595745
"Leandro Barbosa","PG,SG","GS",14.75,0.422222222222222,0.5,0.75,2,1.75,0.875,0.25,1,5.75,5.84848484848485,1.12121212121212
"Quincy Pondexter","SG,SF","NOR",1792,0.420581655480984,0.739583333333333,1.21333333333333,2.6,1.25333333333333,0.253333333333333,0.32,0.68,7.17333333333333,5.96,1.28
"Marcus Thornton","SG","HOU",35.4,0.453333333333333,0.821428571428571,3,4.6,2.2,1.2,0,1.2,16.6,7.1875,1.16666666666667
"Kirk Hinrich","PG,SG","CHI",5,0.372703412073491,0.7,0,0,1,0,0,0,0,5.77272727272727,0.757575757575758
"Shawne Williams","SF,PF","MIL",1085,0.403333333333333,0.875,1.01587301587302,2.63492063492063,0.698412698412698,0.396825396825397,0.333333333333333,0.476190476190476,5.41269841269841,4.76190476190476,0.634920634920635
"Quincy Acy","SF,PF","SAC",7.33333333333333,1,0.5,0.333333333333333,1.33333333333333,1,0,0.333333333333333,0.333333333333333,2,4.86764705882353,1.42647058823529
"Nick Collison","PF,C","OKC",10.5,0.25,1,0,2.5,0.5,0.75,0,1,1,3.83333333333333,0.984848484848485
"Luc Richard Mbah a Moute","SF,PF","LAC",1.4,0,0.588957055214724,0,0,0.2,0,0,0,0,9.49253731343284,2.43283582089552
"Matthew Dellavedova","PG,SG","CLE",26.4285714285714,0.431372549019608,0.833333333333333,1,3.14285714285714,6.14285714285714,0.714285714285714,0,1.57142857142857,8,4.58208955223881,0.567164179104478
"Will Barton","SG,SF","DEN",25.2857142857143,0.444444444444444,0.916666666666667,0.857142857142857,4.28571428571429,1.42857142857143,1.28571428571429,0.571428571428571,0.571428571428571,13.1428571428571,6.08620689655172,1.62068965517241
"Andre Roberson","SG,SF","OKC",20.4285714285714,0.481481481481481,0.666666666666667,0.571428571428571,3.14285714285714,0.571428571428571,0.428571428571429,0.571428571428571,0.428571428571429,4.85714285714286,2.95588235294118,0.705882352941177
"Kevin Seraphin","PF,C","NY",6.75,0.3,0.707317073170732,0,1.5,0,0.25,0.75,0.25,1.5,5.69620253164557,1.0379746835443
"Ray McCallum","PG","SA",3.5,0.333333333333333,0.678571428571429,0,0.25,0.25,0.5,0,0.5,0.5,6.91176470588235,1.23529411764706
"Andre Miller","PG,SG","MIN",4.5,0,0.753246753246753,0,0,1,1,0,0.5,0,3.58024691358025,0.950617283950617
"Carl Landry","SF,PF","PHI",1195,0.514905149051491,0.82,0,3.82857142857143,0.371428571428571,0.214285714285714,0.242857142857143,0.771428571428571,7.18571428571429,5.27142857142857,2.14285714285714
"Austin Rivers","PG,SG","LAC",21.1428571428571,0.391304347826087,0.705882352941177,0.428571428571429,0.571428571428571,0.714285714285714,1,0.428571428571429,0.857142857142857,7.28571428571429,6.52631578947368,1.65789473684211
"K.J. McDaniels","SF","HOU",2,0.25,0.75187969924812,0,0.333333333333333,0,0,0.333333333333333,0,0.666666666666667,7,2.14516129032258
"Ronnie Price","PG,SG","PHO",12.8571428571429,0.458333333333333,1,1,0.857142857142857,1.42857142857143,1,0.142857142857143,0.714285714285714,4.85714285714286,5.18604651162791,1.04651162790698
"Shelvin Mack","PG","ATL",8,0,0.806451612903226,0,2,0,0,0,2,0,5.30909090909091,0.563636363636364
"Mirza Teletovic","SF,PF","PHO",7.14285714285714,0.277777777777778,0,0.571428571428571,1.28571428571429,0.428571428571429,0.285714285714286,0,0.142857142857143,2,7.975,1.15
"Robert Sacre","C","LAL",4,0.333333333333333,0.670731707317073,0,2,0,0,0,1,2,4.56716417910448,1.22388059701493
"Gary Neal","PG,SG","WSH",17.6666666666667,0.414634146341463,1,0.666666666666667,1,1,0.333333333333333,0,1,7.33333333333333,9.31481481481481,2.5
"Ramon Sessions","PG,SG","WSH",17.1666666666667,0.393939393939394,0.869565217391304,0.5,2,1.83333333333333,1.5,0,1,8.16666666666667,5.21875,2.703125
"J.J. Hickson","PF,C","DEN",18,0.65625,0.363636363636364,0,5.8,0.8,0.2,1.4,1.2,10,6.28767123287671,2.75342465753425
"Tyler Hansbrough","PF,C","CHA",4.66666666666667,0.2,1,0,1,0,0,0,0.333333333333333,2,2.22972972972973,1.87837837837838
"Alexey Shved","PG,SG","NY",767,0.397014925373134,0.806666666666667,1.11904761904762,2.35714285714286,2.52380952380952,0.714285714285714,0.142857142857143,1.14285714285714,10.3333333333333,7.97619047619048,3.57142857142857
"Glen Davis","PF,C","LAC",909,0.458823529411765,0.631578947368421,0,2.28378378378378,0.527027027027027,0.554054054054054,0.283783783783784,0.527027027027027,3.97297297297297,3.44594594594595,1.28378378378378
"Charlie Villanueva","PF","DAL",13.6,0.382352941176471,0.5,0.8,3.4,0.2,0.2,0.2,0.4,6.2,5.65625,0.546875
"Drew Gooden","PF,C","WSH",15,0.3,1,0.5,5.5,0.75,0.75,0.75,0.5,4,5.41176470588235,0.862745098039216
"Luke Babbitt","SF","NOR",26.5,0.407407407407407,1,1,5,1,0.25,0.25,0.5,7,3.04761904761905,0.301587301587302
"Dewayne Dedmon","C","ORL",21.2857142857143,0.46875,0.8125,0,6.42857142857143,0.285714285714286,0.857142857142857,1.85714285714286,0.714285714285714,6.14285714285714,2.74576271186441,1.08474576271186
"Nick Calathes","PG,SG","MEM",835,0.421052631578947,0.533333333333333,0.189655172413793,1.82758620689655,2.51724137931034,1.08620689655172,0.0862068965517241,1.05172413793103,4.18965517241379,4.25862068965517,0.775862068965517
"Matt Bonner","PF,C","SA",937,0.408695652173913,0.810810810810811,0.638888888888889,1.59722222222222,0.652777777777778,0.138888888888889,0.166666666666667,0.152777777777778,3.66666666666667,3.19444444444444,0.513888888888889
"Dorell Wright","SG,SF","POR",593,0.378947368421053,0.80952380952381,0.854166666666667,2.3125,0.854166666666667,0.416666666666667,0.229166666666667,0.375,4.5625,3.95833333333333,0.875
"James Ennis","SG,SF","MIA",2,0.408906882591093,0.840425531914894,0,0,0.333333333333333,0,0,0,0,3.98387096774194,1.51612903225806
"Maurice Harkless","SF","POR",22.125,0.489795918367347,0.583333333333333,1,4.75,1.125,0.375,0.625,1.375,7.875,3.51111111111111,0.911111111111111
"Tarik Black","PF,C","LAL",14.5,0.571428571428571,0.5,0,4.75,0.25,0.25,0,1.25,5.5,4.33333333333333,1.87301587301587
"Donald Sloan","PG,SG","BKN",10,0,1,0,1,0,1,0,0.5,1,6.69811320754717,1.45283018867925
"Jeremy Evans","SF,PF","DAL",14.8,0.571428571428571,0.75,0.2,2.8,0,0.2,0.4,0.2,2.4,1.52631578947368,0.763157894736842
"Jon Leuer","PF,C","PHO",15.5714285714286,0.472222222222222,0.5,1,4.71428571428571,1,0.285714285714286,0.142857142857143,0.428571428571429,6.42857142857143,4.33333333333333,0.936507936507937
"Justin Holiday","SG,SF","ATL",15.5,0.392857142857143,0.822222222222222,0.5,1.33333333333333,1,0.666666666666667,0.666666666666667,0.666666666666667,4.16666666666667,3.98305084745763,0.76271186440678
"Elton Brand","PF,C","ATL",487,0.442105263157895,0.521739130434783,0,2.77777777777778,0.611111111111111,0.472222222222222,0.694444444444444,0.5,2.66666666666667,2.63888888888889,0.638888888888889
"Garrett Temple","PG,SG","WSH",3.75,0.333333333333333,0.75,0.25,0.25,0.25,0,0,0.25,1.5,3.26923076923077,0.923076923076923
"Hedo Turkoglu","SF,PF","LAC",705,0.441489361702128,0.545454545454545,0.967741935483871,1.59677419354839,0.596774193548387,0.306451612903226,0.112903225806452,0.467741935483871,3.74193548387097,3.03225806451613,0.17741935483871
"Udonis Haslem","PF","MIA",6.5,0.6,0.703125,0,2.5,0.5,0.5,0,0.5,3,3.85483870967742,1.03225806451613
"Mike Muscala","PF,C","ATL",9.66666666666667,0.5,0.88,0.333333333333333,1,0.666666666666667,0,0,0.666666666666667,2.33333333333333,3.775,0.625
"Joel Freeland","PF,C","POR",618,0.490066225165563,0.84,0,3.97916666666667,0.333333333333333,0.1875,0.479166666666667,0.479166666666667,3.52083333333333,3.14583333333333,0.520833333333333
"James Jones","SG,SF","CLE",7.42857142857143,0.368421052631579,1,0.857142857142857,0.857142857142857,0.285714285714286,0,0.142857142857143,0.428571428571429,3.28571428571429,3.52631578947368,0.807017543859649
"Robbie Hummel","SF,PF","MIN",744,0.459302325581395,0.827586206896552,0.355555555555556,2.97777777777778,0.6,0.355555555555556,0.2,0.4,4.4,3.82222222222222,0.644444444444444
"Mike Miller","SG,SF","DEN",5.16666666666667,0.428571428571429,0.75,0.5,1,0.166666666666667,0.333333333333333,0,0.166666666666667,1.5,2.15094339622642,0.0754716981132075
"Alonzo Gee","SG,SF","NOR",14,0.421052631578947,1,0,2,0.5,0.833333333333333,0.166666666666667,1,2.83333333333333,3.44444444444444,1.42592592592593
"Jakarr Sampson","SF,PF",NA,NA,NA,NA,NA,NA,NA,NA,NA,NA,NA,NA,NA
"E'Twaun Moore","PG,SG","CHI",18,0.463414634146341,0.6,0.5,2,1.125,0.25,0.25,0.75,5.25,2.48214285714286,0.357142857142857
"Thomas Robinson","PF","BKN",13,0.55,0.444444444444444,0,5.28571428571429,0.428571428571429,0.428571428571429,0.714285714285714,1.14285714285714,3.71428571428571,4.81481481481481,1.96296296296296
"Chris Johnson","SF,PF","UTA",3,0.4,0.5,0.25,0.75,0.25,0.25,0,0,1.5,5.31034482758621,0.551724137931034
"Willie Green","SG","ORL",953,0.38562091503268,0.823529411764706,0.807692307692308,1.51923076923077,1.30769230769231,0.5,0.0961538461538462,0.923076923076923,5.88461538461539,5.88461538461539,0.653846153846154
"Ish Smith","PG","NOR",27,0.327868852459016,0.333333333333333,0.666666666666667,3.66666666666667,7.5,1.66666666666667,0.166666666666667,1.83333333333333,7.66666666666667,6.67272727272727,1.03636363636364
"Raymond Felton","PG,SG","DAL",24.5,0.448979591836735,1,0.666666666666667,2,2.66666666666667,0.333333333333333,0,1.66666666666667,8.5,3.6551724137931,0.517241379310345
"Shabazz Napier","PG","ORL",8,0.357142857142857,0.75,0.285714285714286,1,1.42857142857143,0.142857142857143,0,0.571428571428571,2.14285714285714,4.47058823529412,1.09803921568627
"Kendall Marshall","PG","PHI",416,0.455445544554455,0.888888888888889,0.642857142857143,1,3.07142857142857,0.75,0,1.25,4.21428571428571,3.60714285714286,0.321428571428571
"Anthony Bennett","SF,PF","TOR",4.5,0.25,1,0,1.5,0,0.75,0,0.75,1,5.21052631578947,1.12280701754386
"Luke Ridnour","PG,SG","TOR",683,0.426136363636364,0.857142857142857,0.425531914893617,1.4468085106383,2.04255319148936,0.425531914893617,0.0851063829787234,0.808510638297872,4,3.74468085106383,0.446808510638298
"Joel Anthony","PF,C","DET",406,0.580645161290323,0.681818181818182,0,1.89795918367347,0.102040816326531,0.244897959183673,1,0.244897959183673,1.77551020408163,1.26530612244898,0.448979591836735
"Jerami Grant","SF,PF","PHI",25.2857142857143,0.403508771929825,0.75,0.285714285714286,4.42857142857143,1.28571428571429,0.571428571428571,1.71428571428571,1,9.42857142857143,5.41538461538462,2.96923076923077
"Damjan Rudez","SG,SF","MIN",3.5,1,0.695652173913043,0,0.5,0,0,0,0.5,1,3.86764705882353,0.338235294117647
"Allen Crabbe","SG","POR",22.125,0.446428571428571,0.714285714285714,0.625,1.875,1.125,0.875,0.125,0.75,7.5,3,0.313725490196078
"Phil Pressey","PG","PHI",8.75,0.461538461538462,0.4,0.75,1.25,2.5,0.25,0,1.5,4.25,3.48,0.98
"Markel Brown","SG","BKN",15.4,0.333333333333333,0.5,0.6,0.8,1.4,0.6,0.2,0.8,4.2,4.46808510638298,1.21276595744681
"Lance Thomas","SG,SF","NY",19.1428571428571,0.558823529411765,0.75,0.285714285714286,1.71428571428571,0.571428571428571,0.142857142857143,0,0.857142857142857,7,7.12903225806452,1.59677419354839
"Jason Maxiell","PF,C","CHA",880,0.421875,0.577464788732394,0,3.32786885245902,0.311475409836066,0.295081967213115,0.721311475409836,0.475409836065574,3.32786885245902,3.14754098360656,1.16393442622951
"Michael Beasley","SF,PF","MIA",503,0.433962264150943,0.769230769230769,0.333333333333333,3.70833333333333,1.33333333333333,0.625,0.541666666666667,1.54166666666667,8.83333333333333,8.83333333333333,1.08333333333333
"P.J. Hairston","SG,SF","CHA",19.5,0.32258064516129,1,0.666666666666667,2.66666666666667,0.5,0.166666666666667,0.166666666666667,0.5,5.16666666666667,5.97777777777778,0.8
"Nate Robinson","PG,SG","NOR",11.5,0,0.673913043478261,0,0,2,0.5,0,0,0,6.07142857142857,1.0952380952381
"Tyler Johnson","SG","MIA",18.3333333333333,0.592592592592593,0.555555555555556,0.833333333333333,3,1.66666666666667,0.666666666666667,0.166666666666667,0.666666666666667,7,5.21875,1.46875
"Elijah Millsap","SG,SF","UTA",5.2,0.142857142857143,0.674418604651163,0,0.4,0,0.2,0.2,0.2,0.4,5.06382978723404,1.82978723404255
"Danny Granger","SF","DET",610,0.401234567901235,0.756756756756757,0.967741935483871,2.58064516129032,0.548387096774194,0.419354838709677,0.193548387096774,0.774193548387097,6.06451612903226,5.2258064516129,1.19354838709677
"Jeff Ayres","PF,C","SA",381,0.578947368421053,0.75,0,2.29411764705882,0.274509803921569,0.156862745098039,0.156862745098039,0.509803921568627,2.68627450980392,1.86274509803922,0.705882352941177
"Henry Walker","SG,SF","MIA",627,0.345238095238095,0.777777777777778,1.875,3.41666666666667,1.20833333333333,1,0.375,1,7.29166666666667,7,0.75
"Louis Amundson","PF",NA,NA,NA,NA,NA,NA,NA,NA,NA,NA,NA,NA,NA
"Mitch McGary","PF,C","OKC",24.2,0.538,0.629,0,7.5,0.7,0.8,0.8,1.5,9,5.15625,1.25
"Kendrick Perkins","C","NOR",9,0.8,0.506024096385542,0,2.66666666666667,0.666666666666667,0,0,0,5.33333333333333,3.28985507246377,1.20289855072464
"Chris Copeland","SF,PF","MIL",10,0.379310344827586,1,1,0.857142857142857,0.571428571428571,0.142857142857143,0,0.428571428571429,4.57142857142857,6.2,0.9
"Kostas Papanikolaou","SF,PF","DEN",5.33333333333333,1,0.722222222222222,0.333333333333333,1.33333333333333,0.333333333333333,0.333333333333333,0,0,1.66666666666667,4.58139534883721,0.418604651162791
"Ben Gordon","SG","GS",789,0.43728813559322,0.835820895522388,0.625,1.125,0.892857142857143,0.25,0.0178571428571429,0.982142857142857,6.23214285714286,5.26785714285714,1.19642857142857
"Andrew Nicholson","PF","ORL",4,0,0.6,0,1,0,0,0,1,0,4.75,0.625
"James Anderson","SG,SF","SAC",10.8571428571429,0.28,0.857142857142857,0.714285714285714,0.857142857142857,0.714285714285714,0.571428571428571,0.142857142857143,0.857142857142857,3.57142857142857,3.57142857142857,1
"Lorenzo Brown","PG","MIN",549,0.426229508196721,0.631578947368421,0.206896551724138,2.41379310344828,3.10344827586207,0.96551724137931,0.206896551724138,1.03448275862069,4.20689655172414,4.20689655172414,0.655172413793103
"Furkan Aldemir","PF","PHI",541,0.512820512820513,0.481481481481481,0,4.29268292682927,0.682926829268293,0.414634146341463,0.390243902439024,0.414634146341463,2.26829268292683,1.90243902439024,0.658536585365854
"Jimmer Fredette","PG,SG","SA",509,0.379518072289157,0.955555555555556,0.18,0.8,1.16,0.3,0.04,0.66,3.56,3.32,0.9
"Martell Webster","SG,SF","WSH",350,0.263736263736264,0.75,0.3125,1.4375,0.53125,0.21875,0.03125,0.6875,3.3125,2.84375,2
"Jerome Jordan","C",NA,381,0.531914893617021,0.863636363636364,0,2.38636363636364,0.295454545454545,0.181818181818182,0.340909090909091,0.5,3.13636363636364,2.13636363636364,1
"Reggie Evans","PF,C","SAC",767,0.423357664233577,0.618556701030928,0,6.36170212765957,0.680851063829787,0.468085106382979,0.106382978723404,0.957446808510638,3.74468085106383,2.91489361702128,2.06382978723404
"Jeff Withey","C","UTA",1,0.5,0.68,0,0,0,0,0,0,0,1.72972972972973,1.35135135135135
"DeJuan Blair","PF,C","WSH",6,0,0.666666666666667,0,1.5,0,0.5,0,2.5,0,1.96551724137931,0.206896551724138
"John Jenkins","SG,SF","DAL",14.3333333333333,0.421052631578947,1,0,2.66666666666667,1.33333333333333,0,0,0.666666666666667,6.33333333333333,4.125,0.791666666666667
"Joey Dorsey","PF,C","DEN",856,0.551724137931034,0.289156626506024,0,4.04347826086957,0.36231884057971,0.579710144927536,0.36231884057971,0.594202898550725,2.66666666666667,2.10144927536232,1.20289855072464
"Perry Jones","SF,PF","BOS",631,0.396739130434783,0.648648648648649,0.325581395348837,1.76744186046512,0.418604651162791,0.395348837209302,0.186046511627907,0.558139534883721,4.27906976744186,4.27906976744186,0.86046511627907
"Sergey Karasev","SG,SF","BKN",2,0,1,0,0.333333333333333,0,0,0,0.333333333333333,1.33333333333333,4.06060606060606,1.15151515151515
"Cleanthony Early","SF","NY",3,1,0.75,0,0.5,0.25,0.25,0,0,0.5,5.48717948717949,1.23076923076923
"Ryan Hollins","C","MEM",442,0.646341463414634,0.574074074074074,0,2.23913043478261,0.304347826086957,0.130434782608696,0.41304347826087,0.543478260869565,2.97826086956522,1.78260869565217,1.17391304347826
"Gary Harris","SG","DEN",25.4285714285714,0.479166666666667,0.666666666666667,1,3,2.14285714285714,1,0.285714285714286,1.42857142857143,8.14285714285714,3.94545454545455,0.854545454545454
"Travis Wear","PF","NY",669,0.401913875598086,0.769230769230769,0.215686274509804,2.07843137254902,0.784313725490196,0.294117647058824,0.215686274509804,0.686274509803922,3.90196078431373,4.09803921568627,0.509803921568627
"Jordan Crawford","PG,SG",NA,NA,NA,NA,NA,NA,NA,NA,NA,NA,NA,NA,NA
"Jordan Hamilton","SF","LAC",123,0.4,NA,0.714285714285714,1.14285714285714,0.5,0.142857142857143,0,0.285714285714286,2.71428571428571,2.5,0
"Jason Richardson","SG,SF","ATL",417,0.348314606741573,0.772727272727273,1.63157894736842,3.47368421052632,2,0.684210526315789,0.157894736842105,0.842105263157895,9.05263157894737,9.36842105263158,1.15789473684211
"Chuck Hayes","PF,C","HOU",12,0.5,1,0,4,1,0,0,1.5,2,1.58620689655172,0.379310344827586
"Cory Jefferson","PF",NA,530,0.449101796407186,0.574074074074074,0.04,2.9,0.32,0.2,0.42,0.4,3.66,3.34,1.08
"Jeff Adrien","SF,PF","NOR",215,0.431818181818182,0.578947368421053,0,4.52941176470588,0.882352941176471,0.235294117647059,0.529411764705882,0.529411764705882,3.52941176470588,2.58823529411765,2.23529411764706
"Archie Goodwin","PG,SG","PHO",9.25,0.555555555555556,0.583333333333333,0.25,2,0.75,0,0.25,1.25,4.5,4.90243902439024,2.02439024390244
"Spencer Dinwiddie","PG","DET",7,1,0,0,1,0,0,0,2,2,4.97058823529412,1
"Toney Douglas","PG,SG","NOR",19.75,0.516129032258065,0.833333333333333,0.75,2.5,2.75,1.25,0,1.5,10,4.25,1.08333333333333
"Troy Daniels","PG","CHA",4.33333333333333,0.2,0.846153846153846,0.333333333333333,1,0.333333333333333,0,0,0.333333333333333,1,3.51063829787234,0.276595744680851
"Adreian Payne","PF","MIN",7,0.571428571428571,1,0.333333333333333,2,0.333333333333333,0,0.333333333333333,0.666666666666667,3.66666666666667,6.875,1.4375
"Austin Daye","SF,PF","CLE",345,0.354609929078014,0.833333333333333,0.685714285714286,2.14285714285714,0.485714285714286,0.342857142857143,0.142857142857143,0.657142857142857,3.68571428571429,4.02857142857143,0.171428571428571
"Dwight Powell","PF","DAL",22.6666666666667,0.508771929824561,0.555555555555556,0,8,1.33333333333333,0.5,0.666666666666667,0.5,11.3333333333333,2.31034482758621,1.13793103448276
"Kyle Anderson","SF","SA",8.42857142857143,0.3125,0.5,0,1.57142857142857,0.428571428571429,0.285714285714286,0.428571428571429,0,1.71428571428571,2.6969696969697,0.424242424242424
"Luigi Datome","SG,SF","BOS",211,0.48314606741573,1,0.857142857142857,1.38095238095238,0.428571428571429,0.0952380952380952,0.333333333333333,0.428571428571429,5,4.23809523809524,0.0476190476190476
"Gerald Wallace","SF,PF","BOS",289,0.411764705882353,0.4,0.03125,1.78125,0.34375,0.46875,0.125,0.5625,1.09375,1.0625,0.46875
"Jabari Brown","SG","LAL",567,0.411764705882353,0.752941176470588,1.21052631578947,1.89473684210526,2.10526315789474,0.631578947368421,0.105263157894737,1.68421052631579,11.9473684210526,8.94736842105263,4.47368421052632
"Ekpe Udoh","PF,C","LAC",131,0.458333333333333,0.777777777777778,0,0.787878787878788,0.242424242424242,0.242424242424242,0.212121212121212,0.212121212121212,0.878787878787879,0.727272727272727,0.272727272727273
"Chris Douglas-Roberts","SG,SF","NOR",103,0.238095238095238,1,0.0833333333333333,1,0.333333333333333,0.0833333333333333,0,0,1.58333333333333,1.75,0.666666666666667
"Greg Stiemsma","C","ORL",66,0.75,0.5,0,0.882352941176471,0.176470588235294,0.117647058823529,0,0.411764705882353,0.823529411764706,0.470588235294118,0.235294117647059
"Steve Novak","SF,PF","OKC",198,0.392857142857143,0,0.542857142857143,0.628571428571429,0.314285714285714,0,0.0571428571428571,0.142857142857143,1.8,1.6,0.0571428571428571
"Ian Clark","PG,SG",NA,6.5,0.555555555555556,1,0.25,1,1.5,0,0,0.25,4.25,1.83333333333333,0.3
"Reggie Bullock","SG,SF","DET",6.5,0,0.666666666666667,0,0.5,0,0,0,0.25,0,1.94444444444444,0.25
"John Lucas III","PG","MIA",273,0.403846153846154,1,0.428571428571429,0.761904761904762,2.85714285714286,0.380952380952381,0,0.761904761904762,4.66666666666667,4.95238095238095,0.238095238095238
"JaVale McGee","C","DAL",256,0.531645569620253,0.666666666666667,0,2.65217391304348,0.130434782608696,0.0869565217391304,0.869565217391304,0.782608695652174,4.60869565217391,3.43478260869565,1.43478260869565
"Erick Green","PG,SG","DEN",2.33333333333333,0,0.833333333333333,0,0.333333333333333,0.333333333333333,0,0,0,0,3.76744186046512,0.27906976744186
"Bernard James","PF,C","DAL",156,0.444444444444444,0.869565217391304,0,2.4375,0.25,0.125,0.9375,0.375,2.75,1.6875,1.4375
"JaMychal Green","PF","MEM",14.25,0.425,0.714285714285714,0.375,4.5,0.375,0.375,0.25,0.625,5.875,1.95833333333333,0.416666666666667
"Jordan Adams","SG","MEM",7.5,0.333333333333333,0.6,0,1,1.5,1.5,0,1,3.5,2.86666666666667,0.766666666666667
"Joe Harris","SG","CLE",3.5,0.333333333333333,0.6,0.25,0.75,0.5,0,0,0,0.75,2.35294117647059,0.294117647058824
"Cartier Martin","SG,SF","DET",200,0.283018867924528,NA,0.260869565217391,0.869565217391304,0.478260869565217,0.130434782608696,0.0434782608695652,0.217391304347826,1.56521739130435,2.30434782608696,0
"Landry Fields","SG,SF","TOR",216,0.48780487804878,0.833333333333333,0.0384615384615385,1,0.576923076923077,0.423076923076923,0,0.307692307692308,1.76923076923077,1.57692307692308,0.230769230769231
"Tyler Ennis","PG","MIL",13.6666666666667,0.4,1,0.333333333333333,2.33333333333333,1.66666666666667,0.333333333333333,0,1,5,4.36363636363636,0.212121212121212
"Quincy Miller","SF","BKN",120,0.236842105263158,0.727272727272727,0.3,2,0.8,0.7,0.5,0.5,2.9,3.8,1.1
"Greg Smith","PF,C","DAL",362,0.612244897959184,0.512820512820513,0,1.88095238095238,0.214285714285714,0.166666666666667,0.261904761904762,0.261904761904762,1.9047619047619,1.16666666666667,0.928571428571429
"Elliot Williams","SG","CHA",118,0.378378378378378,0.25,0.615384615384615,0.615384615384615,0.923076923076923,0.307692307692308,0,0.307692307692308,2.84615384615385,2.84615384615385,0.307692307692308
"Noah Vonleh","PF","POR",29.2,0.46,0.733,1.3,7.7,1.1,0.8,1,1.8,12.3,3.04,1.04
"Nazr Mohammed","C","CHI",131,0.433333333333333,0.333333333333333,0,1.65217391304348,0.130434782608696,0.173913043478261,0.217391304347826,0.304347826086957,1.17391304347826,1.30434782608696,0.130434782608696
"Will Bynum","PG","WSH",66,0.32258064516129,0.5,0,0.857142857142857,2.57142857142857,0.142857142857143,0.142857142857143,1.14285714285714,3.14285714285714,4.42857142857143,0.571428571428571
"Jeffery Taylor","SG,SF",NA,NA,NA,NA,NA,NA,NA,NA,NA,NA,NA,NA,NA
"Jorge Gutierrez","PG","MIL",174,0.536585365853659,0.692307692307692,0,1.25,1.1,0.3,0,0.6,2.65,2.05,0.65
"T.J. McConnell","PG","PHI",28.8571428571429,0.45,NA,0.428571428571429,4.71428571428571,7.57142857142857,1.42857142857143,0.714285714285714,2.42857142857143,5.57142857142857,5.71428571428571,0
"James Young","SG","BOS",334,0.352941176470588,0.551724137931034,0.548387096774194,1.35483870967742,0.419354838709677,0.258064516129032,0.0645161290322581,0.161290322580645,3.38709677419355,3.29032258064516,0.935483870967742
"Shayne Whittington","C","IND",2,0.452380952380952,0.782608695652174,0,0,0,0,0,2,0,2.1,1.15
"Bryce Cotton","PG","UTA",160,0.420289855072464,0.833333333333333,0.4375,1.125,0.9375,0.25,0,0.75,5,4.3125,1.125
"Glenn Robinson III","SF","IND",13,0.538461538461538,0.714285714285714,0,1.5,0.75,0.25,0,0.5,4.75,1.91428571428571,0.685714285714286
"James Michael McAdoo","PF","GS",5.85714285714286,0.5,0.333333333333333,0,1.42857142857143,0.571428571428571,0.285714285714286,0,0.428571428571429,2.42857142857143,2.93333333333333,1.66666666666667
"Darius Morris","PG,SG","BKN",299,0.339622641509434,0.444444444444444,0.184210526315789,0.710526315789474,1.26315789473684,0.236842105263158,0,0.552631578947368,2.18421052631579,2.78947368421053,0.236842105263158
"Lester Hudson","PG,SG","LAC",56,0.428571428571429,0.75,0.6,1.6,1,1.2,0.2,0.6,3.6,2.8,0.8
"Clint Capela","PF,C","HOU",18.8571428571429,0.794117647058823,0.6,0,6.57142857142857,0.571428571428571,0.571428571428571,1.85714285714286,1,8.57142857142857,2.41666666666667,1.91666666666667
"Josh Harrellson","PF,C",NA,NA,NA,NA,NA,NA,NA,NA,NA,NA,NA,NA,NA
"Metta World Peace","SF,PF",NA,16.5,0.571428571428571,NA,1.5,3.5,1,1,1,0,5.5,3.5,0
"Reggie Williams","SG,SF","SA",103,0.384615384615385,1,0.15,0.85,0.5,0.05,0,0.1,1.85,1.95,0.2
"Rondae Hollis-Jefferson","SF","BKN",18.1428571428571,0.5,0.375,0,4.71428571428571,1.42857142857143,1.28571428571429,0.428571428571429,0.857142857142857,3.57142857142857,3.14285714285714,1.14285714285714
"Ognjen Kuzmic","C","GS",71,0.666666666666667,1,0,1.0625,0.375,0.125,0.0625,0.3125,1.25,0.75,0.25
"Brandon Rush","SG","GS",6.8,0.25,0.5,0.2,2.4,0.6,0.2,0,0.4,1.8,1.63636363636364,0.333333333333333
"Sasha Vujacic","SG","NY",23.4285714285714,0.30188679245283,0.666666666666667,0.714285714285714,4,2.28571428571429,0.857142857142857,0.142857142857143,1.42857142857143,5.57142857142857,7.57142857142857,0.428571428571429
"Jarnell Stokes","PF","MEM",2,0.567567567567568,0.535714285714286,0,1,0,0,0,0,0,1.94736842105263,1.47368421052632
"Arinze Onuaku","PF","MIN",68,0.857142857142857,0.375,0,3.5,0.666666666666667,0.166666666666667,0.5,0.333333333333333,4.5,2.33333333333333,1.33333333333333
"Montrezl Harrell","PF","HOU",10.8571428571429,0.714285714285714,0.555555555555556,0,2,0.142857142857143,0.142857142857143,0.285714285714286,0.428571428571429,5,3,1.28571428571429
"C.J. Wilcox","SG","LAC",101,0.421052631578947,1,0.333333333333333,0.333333333333333,0.380952380952381,0.142857142857143,0.0476190476190476,0.476190476190476,1.95238095238095,1.80952380952381,0.0952380952380952
"Sean Kilpatrick","SG","NOR",71,0.35,1,1,1.5,1,0.75,0,0.5,5.5,5,1
"Brendan Haywood","C","CLE",120,0.466666666666667,0.538461538461538,0,1.31818181818182,0.0909090909090909,0.0909090909090909,0.454545454545455,0.454545454545455,1.59090909090909,1.36363636363636,0.590909090909091
"Raul Neto","PG","UTA",26.2,0.388,0.73,1.8,1.3,3.8,0.7,0.1,2.1,7.8,5.33333333333333,0.333333333333333
"Jeremy Tyler","C","HOU",NA,NA,NA,NA,NA,NA,NA,NA,NA,NA,NA,NA
"Nick Johnson","SG","DEN",262,0.346666666666667,0.68,0.178571428571429,1.39285714285714,0.392857142857143,0.25,0.107142857142857,0.678571428571429,2.64285714285714,2.67857142857143,0.892857142857143
"Xavier Henry","SG,SF","GS",83,0.230769230769231,0.583333333333333,0,0.444444444444444,0.333333333333333,0.333333333333333,0,0.333333333333333,2.22222222222222,1.44444444444444,2.66666666666667
"Lamar Patterson","SG","ATL",12.7142857142857,0.307692307692308,0.75,0.428571428571429,1,1.28571428571429,0.285714285714286,0,0.428571428571429,2.42857142857143,1.85714285714286,1.14285714285714
"Devin Booker","SG","PHO",0,0,0,0,0,0,0,0,0,0,3.5,0.75
"Dahntay Jones","SG,SF","BKN",123,0.285714285714286,0.818181818181818,0,0.333333333333333,0.0606060606060606,0.0909090909090909,0,0.0303030303030303,0.636363636363636,0.636363636363636,0.333333333333333
"Toure' Murry","SG","WSH",18,0.4,1,0,0.2,0.2,0.2,0,0.8,1.2,1,0.4
"Marcelo Huertas","PG","LAL",12.75,0.307692307692308,NA,0.25,1.5,2.5,0.25,0.25,0.75,2.25,3.25,0
"Nikola Jokic","C","DEN",16.1666666666667,0.551724137931034,0.7,0,3.66666666666667,0.5,0.5,0.333333333333333,1.16666666666667,6.5,4.83333333333333,1.66666666666667
"Richaun Holmes","PF","PHI",14.2857142857143,0.5,0.6,0.142857142857143,2.28571428571429,0.571428571428571,0.142857142857143,0.857142857142857,0.428571428571429,5.14285714285714,3.71428571428571,2.14285714285714
"Jamaal Franklin","SG,SF","DEN",13,0.5,NA,0.333333333333333,0.666666666666667,1,0,0.333333333333333,1,1,0.666666666666667,0
"Dionte Christmas","PG,SG","CLE",NA,NA,NA,NA,NA,NA,NA,NA,NA,NA,NA,NA
"Rashad Vaughn","SG","MIL",9,0.5,NA,0.75,1,0,0,0.25,0.5,3.75,3,0
"Damien Inglis","SF","MIL",6,0.2,1,0.25,1.25,0.25,0.5,0,0.5,1.25,1.25,0.5
"Justin Anderson","SF","DAL",6,0.285714285714286,NA,0.2,1.6,0.2,0.2,0.2,0.4,1.8,2.8,0
"Tim Frazier","PG","POR",3.66666666666667,0,0.476190476190476,0,0.666666666666667,0.333333333333333,0.333333333333333,0,0.333333333333333,0,5.54545454545455,1.90909090909091
"Grant Jerrett","PF","UTA",52,0.269230769230769,1,0.125,1.125,0.375,0.25,0.25,0.375,2,3.25,0.125
"Russ Smith","PG","MEM",4.75,0.272727272727273,0.6,0.25,0.75,0.5,0.25,0,0.75,2.5,2.08333333333333,1.08333333333333
"Salah Mejri","C","DAL",3.33333333333333,0,NA,0,1.33333333333333,0,0.333333333333333,0.333333333333333,0,0,0.333333333333333,0
"Chris Babb","SG","GS",NA,NA,NA,NA,NA,NA,NA,NA,NA,NA,NA,NA
"Bobby Portis","PF","CHI",10,0.6,NA,0,1,0.5,0.5,0.5,1,6,5,0
"Julyan Stone","SG,SF","OKC",NA,NA,NA,NA,NA,NA,NA,NA,NA,NA,NA,NA
"Earl Barron","PF,C","ATL",143,0.307692307692308,0.5,0.125,1.75,0.3125,0.25,0.125,0.3125,2,2.4375,0.75
"Devyn Marble","SG,SF","ORL",209,0.318181818181818,0.3125,0.25,1.9375,1.0625,0.5625,0.125,0.5625,2.3125,2.75,1
"Pat Connaughton","SG,SF","POR",3.5,0.333333333333333,1,0.5,0,0,0,0,0.5,2.5,1.5,1
"Anthony Brown","SF","LAL",4,0.5,1,1,0,0,0,0,0,5,2,2
"Cameron Payne","PG","OKC",3,0,NA,0,0,1.5,0.5,0,0,0,0.5,0
"Tony Mitchell","SF,PF","GS",NA,NA,NA,NA,NA,NA,NA,NA,NA,NA,NA,NA
"Sasha Kaun","C","CLE",3.5,NA,NA,0,0.5,0.5,0.5,0.5,0.5,0,0,0
"Jordan Mickey","PF","BOS",2.5,0.5,1,0,1.5,0.5,0,0.5,0,2.5,1,1.5
"Sonny Weems","SG,SF","PHO",9.83333333333333,0.2,1,0,2.16666666666667,0.666666666666667,0.333333333333333,0,1.33333333333333,1.16666666666667,1.66666666666667,0.5
"Christian Wood","PF,C","PHI",6.5,0.375,0.666666666666667,0.166666666666667,1.66666666666667,0.166666666666667,0.166666666666667,0,0.166666666666667,2.83333333333333,2.66666666666667,1
"Cameron Bairstow","PF,C","CHI",5,0.25,0.8,0,1.5,0,0,0,0,1,0.777777777777778,0.277777777777778
"Sam Dekker","SF","HOU",2,NA,NA,0,0.333333333333333,0,0.333333333333333,0,0,0,0,0
"Tibor Pleiss","C","UTA",1.5,1,NA,0,0.5,0,0,0,0,1,0.5,0
"Jared Cunningham","PG,SG","CLE",11.8571428571429,0.45,0.5,0.285714285714286,0.571428571428571,0.571428571428571,0.142857142857143,0.142857142857143,0.285714285714286,3.71428571428571,1.73684210526316,0.684210526315789
"Adonis Thomas","PF","DET",NA,NA,NA,NA,NA,NA,NA,NA,NA,NA,NA,NA
"D.J. Stephens","SF",NA,NA,NA,NA,NA,NA,NA,NA,NA,NA,NA,NA,NA
"Boban Marjanovic","C",NA,3.25,0.444444444444444,0.75,0,1.5,0.25,0,0,0.5,2.75,2.25,1
"Eric Moreland","PF","SAC",3.66666666666667,0.5,0,0,1,0,0,0.333333333333333,0,0.666666666666667,0.333333333333333,0
"Josh Powell","PF,C","MIL",NA,NA,NA,NA,NA,NA,NA,NA,NA,NA,NA,NA
"Norman Powell","SG","TOR",3.33333333333333,0.166666666666667,NA,0,0.666666666666667,0,0,0,0,0.666666666666667,2,0
"Lucas Nogueira","C","TOR",3,1,1,0,0,0,1,0,0,3,1.33333333333333,0.666666666666667
"Jack Cooley","PF,C","CLE",86,0.409090909090909,0.428571428571429,0,1.5625,0.0625,0.375,0.1875,0.1875,1.6875,1.375,1.3125
"Greg Whittington","PF",NA,NA,NA,NA,NA,NA,NA,NA,NA,NA,NA,NA,NA
"Corey Webster","PG",NA,NA,NA,NA,NA,NA,NA,NA,NA,NA,NA,NA,NA
"Branden Dawson","SF,PF","LAC",NA,NA,NA,NA,NA,NA,NA,NA,NA,NA,NA,NA
"Juan Vaulet","SF","BKN",NA,NA,NA,NA,NA,NA,NA,NA,NA,NA,NA,NA
"Youssou Ndoye","C",NA,NA,NA,NA,NA,NA,NA,NA,NA,NA,NA,NA,NA
"Olivier Hanlan","PG","UTA",NA,NA,NA,NA,NA,NA,NA,NA,NA,NA,NA,NA
"Deshaun Thomas","SF,PF",NA,NA,NA,NA,NA,NA,NA,NA,NA,NA,NA,NA,NA
"Tyus Jones","PG","MIN",NA,NA,NA,NA,NA,NA,NA,NA,NA,NA,NA,NA
"Marcus Eriksson","SG","ATL",NA,NA,NA,NA,NA,NA,NA,NA,NA,NA,NA,NA
"Chris Daniels","C",NA,NA,NA,NA,NA,NA,NA,NA,NA,NA,NA,NA,NA
"Willie Reed","SF,PF",NA,NA,NA,NA,NA,NA,NA,NA,NA,NA,NA,NA,NA
"Charlie Westbrook","SG",NA,NA,NA,NA,NA,NA,NA,NA,NA,NA,NA,NA,NA
"Jamil Wilson","PF",NA,NA,NA,NA,NA,NA,NA,NA,NA,NA,NA,NA,NA
"Cliff Alexander","PF",NA,NA,NA,NA,NA,NA,NA,NA,NA,NA,NA,NA,NA
"Dakari Johnson","C","OKC",NA,NA,NA,NA,NA,NA,NA,NA,NA,NA,NA,NA
"Joel Embiid","C","PHI",0,0,0,0,0,0,0,0,0,0,NA,NA
"Michael Cobbins","SF","OKC",NA,NA,NA,NA,NA,NA,NA,NA,NA,NA,NA,NA
"Corey Walden","PG",NA,NA,NA,NA,NA,NA,NA,NA,NA,NA,NA,NA,NA
"Larry Nance Jr.","PF","LAL",16.5,0.5,0.5,0,5.5,0,0,0,1,4,3,2
"Deonte Burton","PG",NA,NA,NA,NA,NA,NA,NA,NA,NA,NA,NA,NA,NA
"Cady Lalanne","PF","SA",NA,NA,NA,NA,NA,NA,NA,NA,NA,NA,NA,NA
"Ryan Boatright","PG",NA,NA,NA,NA,NA,NA,NA,NA,NA,NA,NA,NA,NA
"Alex Stepheson","SF,PF",NA,NA,NA,NA,NA,NA,NA,NA,NA,NA,NA,NA,NA
"Travis Trice","SG",NA,NA,NA,NA,NA,NA,NA,NA,NA,NA,NA,NA,NA
"Eric Griffin","SF","DET",NA,NA,NA,NA,NA,NA,NA,NA,NA,NA,NA,NA
"Dez Wells","SF",NA,NA,NA,NA,NA,NA,NA,NA,NA,NA,NA,NA,NA
"Will Cummings","PG",NA,NA,NA,NA,NA,NA,NA,NA,NA,NA,NA,NA,NA
"Corey Hawkins","PG",NA,NA,NA,NA,NA,NA,NA,NA,NA,NA,NA,NA,NA
"Tyler Harvey","SG","ORL",NA,NA,NA,NA,NA,NA,NA,NA,NA,NA,NA,NA
"Josh Huestis","SF","OKC",NA,NA,NA,NA,NA,NA,NA,NA,NA,NA,NA,NA
"Maurice Ndour","PF",NA,NA,NA,NA,NA,NA,NA,NA,NA,NA,NA,NA,NA
"Kelly Oubre Jr.","SF","WSH",5.33333333333333,0.333333333333333,0.333333333333333,0,0.666666666666667,0.666666666666667,0,0,0.333333333333333,2.33333333333333,3,1
"Eric Atkins","PG","UTA",NA,NA,NA,NA,NA,NA,NA,NA,NA,NA,NA,NA
"Satnam Singh","C",NA,NA,NA,NA,NA,NA,NA,NA,NA,NA,NA,NA,NA
"Tu Holloway","PG,SG",NA,NA,NA,NA,NA,NA,NA,NA,NA,NA,NA,NA,NA
"Keith Benson","C",NA,NA,NA,NA,NA,NA,NA,NA,NA,NA,NA,NA,NA
"Denzel Livingston","SG",NA,NA,NA,NA,NA,NA,NA,NA,NA,NA,NA,NA,NA
"Marcus Landry","SF",NA,NA,NA,NA,NA,NA,NA,NA,NA,NA,NA,NA,NA
"Jarell Martin","PF","MEM",NA,NA,NA,NA,NA,NA,NA,NA,NA,NA,NA,NA
"Justin Harper","PF",NA,NA,NA,NA,NA,NA,NA,NA,NA,NA,NA,NA,NA
"Marcus Simmons","SG",NA,NA,NA,NA,NA,NA,NA,NA,NA,NA,NA,NA,NA
"Jarrid Famous","PF,C",NA,NA,NA,NA,NA,NA,NA,NA,NA,NA,NA,NA,NA
"Jason Washburn","C",NA,NA,NA,NA,NA,NA,NA,NA,NA,NA,NA,NA,NA
"Bryce Dejean-Jones","SG",NA,NA,NA,NA,NA,NA,NA,NA,NA,NA,NA,NA,NA
"Dan Nwaelele","SF",NA,NA,NA,NA,NA,NA,NA,NA,NA,NA,NA,NA,NA
"J.J. O'Brien","SF",NA,NA,NA,NA,NA,NA,NA,NA,NA,NA,NA,NA,NA
"Cristiano Felicio","C",NA,1,NA,NA,0,0,1,0,0,0,0,0,0
"Jordan McRae","SG",NA,NA,NA,NA,NA,NA,NA,NA,NA,NA,NA,NA,NA
"Kadeem Jack","PF,C",NA,NA,NA,NA,NA,NA,NA,NA,NA,NA,NA,NA,NA
"Coty Clarke","SF",NA,NA,NA,NA,NA,NA,NA,NA,NA,NA,NA,NA,NA
"Brandon Ashley","PF",NA,NA,NA,NA,NA,NA,NA,NA,NA,NA,NA,NA,NA
"Jaron Johnson","SG",NA,NA,NA,NA,NA,NA,NA,NA,NA,NA,NA,NA,NA
"Ronald Roberts","PF",NA,NA,NA,NA,NA,NA,NA,NA,NA,NA,NA,NA,NA
"Damien Wilkins","SG,SF",NA,NA,NA,NA,NA,NA,NA,NA,NA,NA,NA,NA,NA
"Tre Kelley","PG",NA,NA,NA,NA,NA,NA,NA,NA,NA,NA,NA,NA,NA
"Keifer Sykes","PG,SG",NA,NA,NA,NA,NA,NA,NA,NA,NA,NA,NA,NA,NA
"Shannon Scott","SG",NA,NA,NA,NA,NA,NA,NA,NA,NA,NA,NA,NA,NA
"Luka Mitrovic","PF","PHI",NA,NA,NA,NA,NA,NA,NA,NA,NA,NA,NA,NA
"Terrico White","PG,SG",NA,NA,NA,NA,NA,NA,NA,NA,NA,NA,NA,NA,NA
"Sir'Dominic Pointer","SF","CLE",NA,NA,NA,NA,NA,NA,NA,NA,NA,NA,NA,NA
"Michael Frazier II","SG",NA,NA,NA,NA,NA,NA,NA,NA,NA,NA,NA,NA,NA
"Chris Walker","PF",NA,NA,NA,NA,NA,NA,NA,NA,NA,NA,NA,NA,NA
"Oleksiy Pecherov","PF,C",NA,NA,NA,NA,NA,NA,NA,NA,NA,NA,NA,NA,NA
"Jonathan Holmes","PF",NA,NA,NA,NA,NA,NA,NA,NA,NA,NA,NA,NA,NA
"Juwan Staten","PG",NA,NA,NA,NA,NA,NA,NA,NA,NA,NA,NA,NA,NA
"Aaron Harrison","PG",NA,NA,NA,NA,NA,NA,NA,NA,NA,NA,NA,NA,NA
"Sampson Carter","PF",NA,NA,NA,NA,NA,NA,NA,NA,NA,NA,NA,NA,NA
"Matt Janning","SG",NA,NA,NA,NA,NA,NA,NA,NA,NA,NA,NA,NA,NA
"Nikoloz Tskitishvili","SF,PF",NA,NA,NA,NA,NA,NA,NA,NA,NA,NA,NA,NA,NA
"Aaron White","PF","WSH",NA,NA,NA,NA,NA,NA,NA,NA,NA,NA,NA,NA
"Mirza Begic","C",NA,NA,NA,NA,NA,NA,NA,NA,NA,NA,NA,NA,NA
"Darrun Hilliard","SG","DET",NA,NA,NA,NA,NA,NA,NA,NA,NA,NA,NA,NA
"Edgar Sosa","PG",NA,NA,NA,NA,NA,NA,NA,NA,NA,NA,NA,NA,NA
"Michael Qualls","PG,SG",NA,NA,NA,NA,NA,NA,NA,NA,NA,NA,NA,NA,NA
"Levi Randolph","SG",NA,NA,NA,NA,NA,NA,NA,NA,NA,NA,NA,NA,NA
"Marshall Henderson","SG",NA,NA,NA,NA,NA,NA,NA,NA,NA,NA,NA,NA,NA
"Stefhon Hannah","SG,SF",NA,NA,NA,NA,NA,NA,NA,NA,NA,NA,NA,NA,NA
"Dimitrios Agravanis","PF","ATL",NA,NA,NA,NA,NA,NA,NA,NA,NA,NA,NA,NA
"Yakhouba Diawara","SG,SF",NA,NA,NA,NA,NA,NA,NA,NA,NA,NA,NA,NA,NA
"Joshua Smith","C",NA,NA,NA,NA,NA,NA,NA,NA,NA,NA,NA,NA,NA
"Michale Kyser","PF",NA,NA,NA,NA,NA,NA,NA,NA,NA,NA,NA,NA,NA
"DeQuan Jones","SG,SF",NA,NA,NA,NA,NA,NA,NA,NA,NA,NA,NA,NA,NA
"Jordan Sibert","SG",NA,NA,NA,NA,NA,NA,NA,NA,NA,NA,NA,NA,NA
"Lazeric Jones","PG",NA,NA,NA,NA,NA,NA,NA,NA,NA,NA,NA,NA,NA
"Bo McCalebb","PG",NA,NA,NA,NA,NA,NA,NA,NA,NA,NA,NA,NA,NA
"E.J. Singler","SF",NA,NA,NA,NA,NA,NA,NA,NA,NA,NA,NA,NA,NA
"Jon Horford","PF",NA,NA,NA,NA,NA,NA,NA,NA,NA,NA,NA,NA,NA
"Talib Zanna","PF",NA,NA,NA,NA,NA,NA,NA,NA,NA,NA,NA,NA,NA
"Scottie Wilbekin","PG",NA,NA,NA,NA,NA,NA,NA,NA,NA,NA,NA,NA,NA
"Michael Dunigan","C",NA,NA,NA,NA,NA,NA,NA,NA,NA,NA,NA,NA,NA
"Arsalan Kazemi","PF",NA,NA,NA,NA,NA,NA,NA,NA,NA,NA,NA,NA,NA
"Thanasis Antetokounmpo","SF","NY",NA,NA,NA,NA,NA,NA,NA,NA,NA,NA,NA,NA
"Arturas Gudaitis","C","PHI",NA,NA,NA,NA,NA,NA,NA,NA,NA,NA,NA,NA
"Guillermo Hernangomez","C",NA,NA,NA,NA,NA,NA,NA,NA,NA,NA,NA,NA,NA
"Keith Appling","PG",NA,NA,NA,NA,NA,NA,NA,NA,NA,NA,NA,NA,NA
"Sam Thompson","PF",NA,NA,NA,NA,NA,NA,NA,NA,NA,NA,NA,NA,NA
"Quinn Cook","PG,SG",NA,NA,NA,NA,NA,NA,NA,NA,NA,NA,NA,NA,NA
"Duje Dukan","SF",NA,NA,NA,NA,NA,NA,NA,NA,NA,NA,NA,NA,NA
"Vince Hunter","PF",NA,NA,NA,NA,NA,NA,NA,NA,NA,NA,NA,NA,NA
"Josh Richardson","SG","MIA",7,0,NA,0,0,0,0,0,1,0,1,0
"Devin Sweetney","SF",NA,NA,NA,NA,NA,NA,NA,NA,NA,NA,NA,NA,NA
"Daniel Diez","SF","POR",NA,NA,NA,NA,NA,NA,NA,NA,NA,NA,NA,NA
"Briante Weber","PG",NA,NA,NA,NA,NA,NA,NA,NA,NA,NA,NA,NA,NA
"Treveon Graham","SG",NA,NA,NA,NA,NA,NA,NA,NA,NA,NA,NA,NA,NA
"Terran Petteway","SF",NA,NA,NA,NA,NA,NA,NA,NA,NA,NA,NA,NA,NA
"Kyle Casey","PF",NA,NA,NA,NA,NA,NA,NA,NA,NA,NA,NA,NA,NA
"Kevon Looney","PF","GS",NA,NA,NA,NA,NA,NA,NA,NA,NA,NA,NA,NA
"Jaleel Roberts","C",NA,NA,NA,NA,NA,NA,NA,NA,NA,NA,NA,NA,NA
"Rakeem Christmas","PF","IND",NA,NA,NA,NA,NA,NA,NA,NA,NA,NA,NA,NA
"Axel Toupane","SF",NA,NA,NA,NA,NA,NA,NA,NA,NA,NA,NA,NA,NA
"Jarell Eddie","SG",NA,NA,NA,NA,NA,NA,NA,NA,NA,NA,NA,NA,NA
"Andrew Harrison","PG","MEM",NA,NA,NA,NA,NA,NA,NA,NA,NA,NA,NA,NA
"Jordan Bachynski","C",NA,NA,NA,NA,NA,NA,NA,NA,NA,NA,NA,NA,NA
"Darion Atkins","PF",NA,NA,NA,NA,NA,NA,NA,NA,NA,NA,NA,NA,NA
"Nick Wiggins","SG",NA,NA,NA,NA,NA,NA,NA,NA,NA,NA,NA,NA,NA
"Jake Anderson","PG",NA,NA,NA,NA,NA,NA,NA,NA,NA,NA,NA,NA,NA
"Chris McCullough","PF","BKN",NA,NA,NA,NA,NA,NA,NA,NA,NA,NA,NA,NA
"Wesley Saunders","SG",NA,NA,NA,NA,NA,NA,NA,NA,NA,NA,NA,NA,NA
"Malcolm Miller","PF",NA,NA,NA,NA,NA,NA,NA,NA,NA,NA,NA,NA,NA
"DaJuan Summers","SF,PF",NA,NA,NA,NA,NA,NA,NA,NA,NA,NA,NA,NA,NA
"Nnanna Egwu","C",NA,NA,NA,NA,NA,NA,NA,NA,NA,NA,NA,NA,NA
"Jonathon Simmons","SF",NA,NA,NA,NA,NA,NA,NA,NA,NA,NA,NA,NA,NA
"Cedi Osman","SF","CLE",NA,NA,NA,NA,NA,NA,NA,NA,NA,NA,NA,NA
"J.P. Tokoto","SF","PHI",NA,NA,NA,NA,NA,NA,NA,NA,NA,NA,NA,NA
"Melvin Ejim","PF",NA,NA,NA,NA,NA,NA,NA,NA,NA,NA,NA,NA,NA
"Nick Minnerath","PF",NA,NA,NA,NA,NA,NA,NA,NA,NA,NA,NA,NA,NA
"Kleon Penn","C",NA,NA,NA,NA,NA,NA,NA,NA,NA,NA,NA,NA,NA
"Michael Holyfield","C",NA,NA,NA,NA,NA,NA,NA,NA,NA,NA,NA,NA,NA
"C.J. Fair","PF",NA,NA,NA,NA,NA,NA,NA,NA,NA,NA,NA,NA,NA
"Omari Johnson","PF",NA,NA,NA,NA,NA,NA,NA,NA,NA,NA,NA,NA,NA
"Pierre Jackson","PG",NA,NA,NA,NA,NA,NA,NA,NA,NA,NA,NA,NA,NA
"Julian Washburn","SG,SF","SA",NA,NA,NA,NA,NA,NA,NA,NA,NA,NA,NA,NA
"Robert Upshaw","C",NA,NA,NA,NA,NA,NA,NA,NA,NA,NA,NA,NA,NA
"Nikola Radicevic","PG","DEN",NA,NA,NA,NA,NA,NA,NA,NA,NA,NA,NA,NA
"R.J. Hunter","SG","BOS",9,0.2,NA,0,0.5,0,0,0,0.5,1,2.5,0
"David Stockton","PG","SAC",33,0.333333333333333,0.5,0.333333333333333,0.666666666666667,3,0.666666666666667,0,1.33333333333333,2.66666666666667,2,2
"Walter Tavares","C","ATL",1,NA,0.5,0,0.5,0,0,0,0,0.5,0,1
"Joe Young","SG","IND",2,NA,NA,0,0,0,0,0,0.5,0,0,0
"Bruno Caboclo","SF","TOR",24,0.333333333333333,NA,0.25,0.25,0,0,0.125,0.5,1.25,1.5,0
"Luis Montero","SF","POR",3,0.5,NA,0.5,0.5,0,0,0,0.5,1.5,1,0
"Delon Wright","PG","TOR",2.5,0,NA,0,0.5,0,0,0,0.5,0,1,0
"Johnny O'Bryant","PF",NA,NA,NA,NA,NA,NA,NA,NA,NA,NA,NA,NA,NA
"Terry Rozier","PG","BOS",9,0.142857142857143,NA,0.333333333333333,2.33333333333333,1,0,0,0.666666666666667,1.66666666666667,4.66666666666667,0
"Vander Blue","PG","LAL",74,0.3,0.4,1,4.5,4,1.5,0,3,11,15,2.5
"Trey Lyles","PF","UTA",6.33333333333333,0.153846153846154,0.5,0,1.66666666666667,0.333333333333333,0.166666666666667,0,0.333333333333333,1,2.16666666666667,0.666666666666667
"Dante Exum","PG","UTA",1821,0.348557692307692,0.625,1.01219512195122,1.59756097560976,2.41463414634146,0.5,0.170731707317073,1.4390243902439,4.79268292682927,5.07317073170732,0.390243902439024
